,wkr,wkrname,bula,year,Flooded,PostPeriod,spd_e_vs,spd_z_vs,cdu_e_vs,cdu_z_vs,pds_e_vs,pds_z_vs,del_spd_z_vs,Lagspd_z_vs,popdensity,shpop_o60,shmanu
1,1,Flensburg - Schleswig,901,1998,0,0,50.15164566,47.18673706,42.37702942,35.36331558,1.022668123,1.325985551,NA,NA,0.130887076,21.51689952,30.62999099
2,1,Flensburg - Schleswig,901,2002,0,1,48.66908264,44.01642227,41.33802795,36.41896057,1.133820176,1.291110873,-3.170314789,47.18673706,0.132591575,23.29999924,27.70000076
3,2,Nordfriesland - Dithmarschen-Nord,901,1998,0,0,46.33581161,43.52507401,45.4370575,39.1748085,1.049719453,1.115254641,NA,NA,0.079719231,22.16783449,25.26164989
4,2,Nordfriesland - Dithmarschen-Nord,901,2002,0,1,44.06388855,42.4104805,44.29577255,39.98152542,1.115275502,1.110559106,-1.114593506,43.52507401,0.081506304,24,21.89999962
5,3,Steinburg - Dithmarschen-SŸd,901,1998,0,0,47.93717575,44.64988327,44.7516098,37.8718071,1.218178272,1.203356504,NA,NA,0.117677391,21.87329196,42.79988287
6,3,Steinburg - Dithmarschen-SŸd,901,2002,0,1,45.78980637,41.21572113,43.00174332,38.54606628,1.271558881,1.275381565,-3.43416214,44.64988327,0.111019231,24.10000038,36.90000153
7,4,Rendsburg-Eckernfšrde,901,1998,0,0,49.19561768,44.94543076,42.02790451,36.52769089,0.94943428,1.255362034,NA,NA,0.117552049,20.78873145,33.95209944
8,4,Rendsburg-Eckernfšrde,901,2002,0,1,48.09201813,42.6204567,40.44544983,37.32159042,1.022679567,1.166042089,-2.32497406,44.94543076,0.111841649,22.60000038,28.70000076
9,5,Kiel,901,1998,0,0,53.93574142,48.29032516,33.53344727,28.98202896,1.638629436,2.321468115,NA,NA,1.709133267,21.24791061,24.69705803
10,5,Kiel,901,2002,0,1,53.70474625,44.27720642,30.79509735,27.94138145,2.009757519,2.151625156,-4.013118744,48.29032516,1.779269934,22.60000038,21.39999962
11,6,Plšn - NeumŸnster,901,1998,0,0,50.76749802,47.30971146,40.50513458,35.36581802,0.052981097,1.474992394,NA,NA,0.177056789,21.60209823,34.96280887
12,6,Plšn - NeumŸnster,901,2002,0,1,47.90839767,44.55122375,38.78618622,35.80832291,1.027926922,1.22125864,-2.758487701,47.30971146,0.168100789,23.79999924,28.79999924
13,7,Pinneberg,901,1998,0,0,47.87593842,44.91405106,42.04448318,35.42180252,1.201317906,1.47411716,NA,NA,0.41754815,20.91702965,37.40913891
14,7,Pinneberg,901,2002,0,1,46.35300827,41.55411911,41.02289581,35.5008049,1.032732844,1.186860561,-3.359931946,44.91405106,0.424504995,23.10000038,31.79999924
15,8,Segeberg - Stormarn-Nord,901,1998,0,0,47.35911179,44.18468857,43.4902153,36.71199036,1.166013718,1.473722458,NA,NA,0.177485347,18.90230071,38.06905241
16,8,Segeberg - Stormarn-Nord,901,2002,0,1,46.72761917,41.18174362,40.48888016,36.66514587,1.060585737,1.268146038,-3.002944946,44.18468857,0.211817071,20.89999962,35
17,9,Ostholstein,901,1998,0,0,48.00237274,44.90540695,45.23642731,37.90455627,0,1.17363143,NA,NA,0.138036788,24.4653884,30.22126884
18,9,Ostholstein,901,2002,0,1,48.53570557,43.98628616,40.99736786,38.24720764,0.92123282,0.954251647,-0.919120789,44.90540695,0.140541568,26.39999962,27.60000038
19,10,Herzogtum Lauenburg - Stormarn-SŸd,901,1998,0,0,46.90274048,42.70467377,43.01361847,37.014534,1.026459455,1.462752461,NA,NA,0.194646478,21.45851934,42.62216834
20,10,Herzogtum Lauenburg - Stormarn-SŸd,901,2002,1,1,46.10399246,39.98707199,42.30618286,37.71941376,1.020180702,1.149193883,-2.717601776,42.70467377,0.211049542,23.39999962,38.70000076
21,11,LŸbeck,901,1998,0,0,51.16289139,47.84991455,37.52017212,32.84635925,1.34397614,1.797783613,NA,NA,0.670332193,24.48186126,32.68530529
22,11,LŸbeck,901,2002,0,1,50.84426498,47.646595,34.61549759,31.75899315,1.898481488,1.605046511,-0.20331955,47.84991455,0.609573901,26.60000038,26.70000076
23,12,Wismar - Nordwestmecklenburg - Parchim,913,1998,0,0,41.05730057,38.58291626,30.61112976,27.84447098,22.31155396,21.95586014,NA,NA,0.070433214,18.77454924,35.2331565
24,12,Wismar - Nordwestmecklenburg - Parchim,913,2002,0,1,47.40122986,45.60196304,30.18407249,28.38947678,14.8103056,14.24392891,7.019046783,38.58291626,0.063467696,21.20000076,33.5
25,13,Schwerin - Ludwigslust,913,1998,0,0,40.87676239,39.37619781,26.32366943,25.09906578,25.55352211,24.53849983,NA,NA,0.079803661,18.98467444,32.23495682
26,13,Schwerin - Ludwigslust,913,2002,1,1,49.34353638,46.88455582,25.00742912,25.42150688,15.55249119,15.50210857,7.508358002,39.37619781,0.088522233,21.5,26.29999924
27,14,Rostock,913,1998,0,0,36.81067657,39.64035034,23.91836548,21.24180031,33.50224304,28.55136108,NA,NA,0.684844136,18.56724958,23.36170847
28,14,Rostock,913,2002,0,1,45.1680336,48.53024292,21.1819706,21.52594376,18.5375309,18.2130394,8.889892578,39.64035034,0.6299119,22.89999962,18.60000038
29,15,Stralsund - Nordvorpommern - RŸgen,913,1998,0,0,31.98293686,31.01594543,36.95947647,33.47700119,22.97095871,22.51834488,NA,NA,0.081771106,19.94665868,30.02681419
30,15,Stralsund - Nordvorpommern - RŸgen,913,2002,0,1,34.7846756,36.15428925,41.62416458,36.30607605,16.0375042,16.30369186,5.138343811,31.01594543,0.08254227,22.70000076,22.89999962
31,16,Greifswald - Demmin - Ostvorpommern,913,1998,0,0,31.69855499,29.17028618,38.88667297,36.27448654,22.93074989,22.04932976,NA,NA,0.074920148,19.32681567,31.03883949
32,16,Greifswald - Demmin - Ostvorpommern,913,2002,0,1,37.24176788,34.8550415,38.05465317,37.23040009,15.60297489,16.13092804,5.684755325,29.17028618,0.068358339,22.10000038,25.70000076
33,17,Bad Doberan - GŸstrow - MŸritz,913,1998,0,0,40.01859665,36.8923111,31.36609268,28.83659363,22.70860481,22.80166435,NA,NA,0.065165274,18.38670334,33.66385238
34,17,Bad Doberan - GŸstrow - MŸritz,913,2002,0,1,44.51453018,42.1932869,30.66539383,30.20536804,15.16918278,15.66940975,5.3009758,36.8923111,0.058211707,20.39999962,28.29999924
35,18,Neubrandenburg - Mecklenburg-Strelitz - Uecker-Randow,913,1998,0,0,34.99689484,33.24118805,33.76965332,30.54760742,25.44574738,24.20461273,NA,NA,0.052491773,18.93853449,28.55810921
36,18,Neubrandenburg - Mecklenburg-Strelitz - Uecker-Randow,913,2002,0,1,37.7782402,38.25621796,32.17519379,31.46035767,19.88695908,18.88050652,5.015029907,33.24118805,0.067814641,21.10000038,22.89999962
37,19,Hamburg-Mitte,902,1998,0,0,53.30745697,49.93679047,28.38541031,25.13391304,1.911249161,2.854495049,NA,NA,2.477387905,22.46534989,23.79770941
38,19,Hamburg-Mitte,902,2002,0,1,54.12983704,45.89411163,26.49524879,23.03963661,2.053143501,2.752552271,-4.042678833,49.93679047,2.95028758,23.39999962,20.70000076
39,20,Hamburg-Altona,902,1998,0,0,48.07878876,41.10766602,36.60483551,30.49180222,0,2.798700333,NA,NA,3.49598527,22.46534971,23.79771051
40,20,Hamburg-Altona,902,2002,0,1,49.41220474,37.96736526,31.80560684,27.87242508,2.045875788,2.928919315,-3.140300751,41.10766602,3.485946655,23.39999962,20.70000076
41,21,Hamburg-EimsbŸttel,902,1998,0,0,50.02147675,43.84136963,33.44060898,28.51203728,0,2.63844347,NA,NA,4.571640015,22.46535,23.79771004
42,21,Hamburg-EimsbŸttel,902,2002,0,1,51.30351639,40.46355057,29.99445724,25.89349365,1.798843026,2.327194691,-3.377819061,43.84136963,4.617799282,23.39999962,20.70000076
43,22,Hamburg-Nord,902,1998,0,0,47.13082123,41.30770111,39.42455292,32.61808014,0,2.024303675,NA,NA,2.289908886,22.46534921,23.79771125
44,22,Hamburg-Nord,902,2002,0,1,48.44525909,38.44810867,35.95037079,30.80701828,1.161239028,1.624101043,-2.859592438,41.30770111,2.301283836,23.39999962,20.70000076
45,23,Hamburg-Wandsbek,902,1998,0,0,51.5536499,47.89921188,35.76559067,31.47960663,1.232162952,1.867828131,NA,NA,2.981351614,22.46534881,23.79771044
46,23,Hamburg-Wandsbek,902,2002,0,1,53.0340538,43.81948853,34.48620605,29.96602631,1.137808561,1.500255466,-4.079723358,47.89921188,3.201330423,23.39999962,20.70000076
47,24,Hamburg-Bergedorf - Harburg,902,1998,0,0,52.44635773,48.77975082,36.55261993,32.06592941,0.858476579,1.821758747,NA,NA,1.354167342,22.4653503,23.79771006
48,24,Hamburg-Bergedorf - Harburg,902,2002,0,1,52.95108032,44.33928299,36.00303268,30.96549606,1.420661211,1.592029452,-4.440467834,48.77975082,1.063619375,23.39999962,20.70000076
49,25,Aurich - Emden,903,1998,0,0,59.63644409,61.56533432,29.06269073,25.81837845,1.03766048,0.945287466,NA,NA,0.165947661,21.17818896,39.56347835
50,25,Aurich - Emden,903,2002,0,1,61.4053421,61.70674133,25.47052193,24.01314735,1.386659265,0.956592321,0.141407013,61.56533432,0.168925941,22.70000076,37.70000076
51,26,Unterems,903,1998,0,0,43.84030914,46.6658783,49.43669128,40.55571747,0.94091481,0.732093275,NA,NA,0.111999542,20.61956931,41.77208299
52,26,Unterems,903,2002,0,1,42.47160339,44.73637772,47.3921814,41.68154526,0.847101092,0.755630374,-1.92950058,46.6658783,0.114845857,21.89999962,40.20000076
53,27,Friesland - Wilhelmshaven,903,1998,0,0,53.99982834,54.10482407,34.42346573,31.08979416,1.007442236,0.927750647,NA,NA,0.198151678,22.0763504,28.13306539
54,27,Friesland - Wilhelmshaven,903,2002,0,1,54.81520844,52.02500916,32.1387558,30.66594315,1.364058852,1.034248471,-2.079814911,54.10482407,0.175823703,24.60000038,26.79999924
55,28,Oldenburg - Ammerland,903,1998,0,0,50.59460831,48.98532486,35.12011337,29.37271309,1.520203352,1.589800954,NA,NA,0.271670073,20.5238017,30.33292103
56,28,Oldenburg - Ammerland,903,2002,0,1,47.13215637,48.35009384,33.32265472,28.11281395,1.603922486,1.585530281,-0.635231018,48.98532486,0.316063344,21.89999962,24.60000038
57,29,Delmenhorst - Wesermarsch - Oldenburg-Land,903,1998,0,0,54.96774292,54.04738235,32.97414017,29.50725174,1.060189605,0.993760407,NA,NA,0.147118151,20.40888913,45.46353044
58,29,Delmenhorst - Wesermarsch - Oldenburg-Land,903,2002,0,1,53.76890182,51.38743591,30.86601448,29.98704338,1.242161274,1.021811962,-2.659946442,54.04738235,0.148900017,22.20000076,38.5
59,30,Cuxhaven - Osterholz,903,1998,0,0,54.53779221,51.86229324,35.52017593,31.26991081,0.465003014,1.110861063,NA,NA,0.118387006,21.74858386,37.03570138
60,30,Cuxhaven - Osterholz,903,2002,0,1,53.21440887,49.54741287,33.55480576,31.31282997,1.14941144,0.951654553,-2.314880371,51.86229324,0.131706074,23.89999962,30.70000076
61,31,Stade - Cuxhaven,903,1998,0,0,51.48276138,49.9417572,40.14740372,34.44194412,0.874741375,1.107942462,NA,NA,0.10435617,20.95836487,40.06627896
62,31,Stade - Cuxhaven,903,2002,0,1,52.26531601,46.32363129,41.05101395,35.41468811,1.166141272,0.994904339,-3.618125916,49.9417572,0.121023148,20.89999962,35.40000153
63,32,Mittelems,903,1998,0,0,40.96968079,40.23894501,53.27299881,47.36459351,0.716881752,0.506873071,NA,NA,0.122772731,18.71581066,46.12519259
64,32,Mittelems,903,2002,0,1,37.64157486,37.97541046,53.27685928,48.65761566,0.693423927,0.566505849,-2.263534546,40.23894501,0.12499065,20.29999924,41.79999924
65,33,Cloppenburg - Vechta,903,1998,0,0,30.41002083,29.88119125,61.86015701,58.84643173,0.594894528,0.469314992,NA,NA,0.117886476,17.19487997,51.95592886
66,33,Cloppenburg - Vechta,903,2002,0,1,28.1668396,28.13411903,62.208992,59.28117752,0.793875873,0.502260804,-1.74707222,29.88119125,0.122148916,18.39999962,49.79999924
67,34,Diepholz - Nienburg I,903,1998,0,0,48.41872406,49.51982498,38.45041656,32.1518898,0.928958118,0.989329457,NA,NA,0.11080464,21.93380523,39.574055
68,34,Diepholz - Nienburg I,903,2002,0,1,48.34350204,47.801754,37.34049225,33.05952454,0,0.935200214,-1.718070984,49.51982498,0.097090371,23.10000038,36.59999847
69,35,Rotenburg - Verden,903,1998,0,0,49.27264404,47.58854675,40.42539215,35.0325737,0.876774549,1.035200119,NA,NA,0.11407844,20.24392123,39.47748917
70,35,Rotenburg - Verden,903,2002,0,1,47.70551682,45.83593369,37.94391632,35.4433136,1.131860018,1.00324285,-1.752613068,47.58854675,0.102731116,21.29999924,36.40000153
71,36,Soltau-Fallingbostel - Winsen L.,903,1998,0,0,47.50733185,45.63650513,41.1216011,35.59323883,1.039272428,1.15346849,NA,NA,0.109305091,21.03966397,34.41631947
72,36,Soltau-Fallingbostel - Winsen L.,903,2002,0,1,47.09487915,42.95310211,40.52081299,36.16273499,1.062688351,0.978281558,-2.683403015,45.63650513,0.127193287,22.5,30.10000038
73,37,LŸchow-Dannenberg - LŸneburg,903,1998,0,0,48.28401947,44.85503006,39.12260437,34.60473251,1.295529246,1.634911299,NA,NA,0.094993308,21.75977011,36.62376279
74,37,LŸchow-Dannenberg - LŸneburg,903,2002,1,1,46.75658035,43.55439377,36.82126236,33.7109642,1.321740746,1.582084179,-1.300636292,44.85503006,0.085410289,23.5,31.5
75,38,OsnabrŸck-Land,903,1998,0,0,45.49211121,44.4605217,45.91812897,40.56732941,0.669190288,0.6800282,NA,NA,0.13092117,19.23597043,52.79838097
76,38,OsnabrŸck-Land,903,2002,0,1,43.10173035,41.02898026,45.60237885,42.72847366,0.859617352,0.709841728,-3.431541443,44.4605217,0.135041565,20.39999962,48
77,39,Stadt OsnabrŸck,903,1998,0,0,47.82154083,44.99652863,42.12840652,36.45926285,0.961592674,1.008136392,NA,NA,0.797807693,22.40058044,33.83287821
78,39,Stadt OsnabrŸck,903,2002,0,1,45.68989563,43.42679214,38.75682831,36.72832108,0.986168921,0.943016648,-1.569736481,44.99652863,0.791229427,23.79999924,32.40000153
79,40,Nienburg II - Schaumburg,903,1998,0,0,52.15235519,52.91576385,38.21548462,32.39060211,0.803404927,0.803282499,NA,NA,0.13833192,23.32013084,45.50852688
80,40,Nienburg II - Schaumburg,903,2002,0,1,53.87455368,51.32234192,37.19015884,33.60054779,0,0.880300522,-1.593421936,52.91576385,0.16484645,24.79999924,39.79999924
81,41,Stadt Hannover I,903,1998,0,0,54.55310822,50.59813309,33.09635544,28.73013687,1.196389675,1.253794193,NA,NA,2.358738661,23.57829145,27.14810867
82,41,Stadt Hannover I,903,2002,0,1,55.48122406,50.89994049,30.48967743,28.00818062,1.302002668,1.384525657,0.301807404,50.59813309,2.310860872,24.60000038,23.29999924
83,42,Stadt Hannover II,903,1998,0,0,53.58588791,48.94592285,32.78536987,27.68039131,1.42389822,1.677869439,NA,NA,2.706487656,23.57829017,27.14810974
84,42,Stadt Hannover II,903,2002,0,1,56.30221939,49.87210464,28.6169014,26.1733799,1.551530838,2.078975677,0.926181793,48.94592285,2.679269075,24.60000038,23.29999924
85,43,Hannover-Land I,903,1998,0,0,52.71325684,51.00524521,38.76974106,32.65683365,0.812253833,0.80324465,NA,NA,0.256971031,21.42515879,35.41277422
86,43,Hannover-Land I,903,2002,0,1,52.75042725,49.79302597,35.69026184,32.84445572,0.851862311,0.833213806,-1.212219238,51.00524521,0.264923692,23.60000038,31.39999962
87,44,Celle - Uelzen,903,1998,0,0,48.59749222,44.85056686,41.74800491,37.61593246,0.795216322,0.929700196,NA,NA,0.091662101,23.70885984,35.18709188
88,44,Celle - Uelzen,903,2002,0,1,50.0753212,44.32964706,39.86982727,38.18678665,0.987046838,0.982718349,-0.5209198,44.85056686,0.092586309,25.10000038,29.89999962
89,45,Gifhorn - Peine,903,1998,0,0,53.39286423,52.75670242,37.96976089,32.89336014,0.668138564,0.717813492,NA,NA,0.139183879,20.23120023,44.44386906
90,45,Gifhorn - Peine,903,2002,0,1,54.24856567,51.45504379,36.82687759,33.59802628,0.861785173,0.811368406,-1.30165863,52.75670242,0.153187767,21.39999962,40.20000076
91,46,Hameln-Pyrmont - Holzminden,903,1998,0,0,56.1245575,53.68823242,36.05374527,31.36762047,1.327993512,0.95252955,NA,NA,0.157546759,25.98256159,44.49927407
92,46,Hameln-Pyrmont - Holzminden,903,2002,0,1,51.4800148,51.46128464,35.43811798,32.94211197,1.187811613,0.929408908,-2.226947784,53.68823242,0.146570951,27.39999962,39.5
93,47,Hannover-Land II,903,1998,0,0,55.66714859,53.30571365,35.59137726,30.94347382,0.80164206,0.79249692,NA,NA,0.312772006,21.42515943,37.76198782
94,47,Hannover-Land II,903,2002,0,1,54.15139008,51.99918747,33.54715347,30.86253357,0.878566146,0.867110848,-1.306526184,53.30571365,0.312904358,23.60000038,31.79999924
95,48,Hildesheim,903,1998,0,0,54.2964325,53.11156082,36.64710236,32.04460526,0.80226624,0.866450846,NA,NA,0.243300661,23.62392077,42.78657944
96,48,Hildesheim,903,2002,0,1,53.5124054,51.4828186,34.96236038,32.98991394,0.864176154,0.866281867,-1.628742218,53.11156082,0.24291034,25,39.59999847
97,49,Salzgitter - WolfenbŸttel,903,1998,0,0,58.37067795,55.12343216,34.55541611,32.02129745,0.803703547,0.876024008,NA,NA,0.234222054,23.66932639,51.85211846
98,49,Salzgitter - WolfenbŸttel,903,2002,0,1,56.78166199,53.05006027,34.04750061,32.40508652,0.943779111,0.918376625,-2.073371887,55.12343216,0.235066399,24.60000038,50
99,50,Braunschweig,903,1998,0,0,55.79190063,50.11943054,33.75757217,30.3529892,1.039474607,1.281532764,NA,NA,1.293382406,24.15566053,30.49428052
100,50,Braunschweig,903,2002,0,1,54.10038376,49.73505402,34.03171158,29.79200745,1.528932571,1.621233106,-0.384376526,50.11943054,1.267547607,25.60000038,28.20000076
101,51,Helmstedt - Wolfsburg,903,1998,0,0,52.79080963,51.84692001,39.24076462,34.42641068,0.915829659,0.802369952,NA,NA,0.22781083,23.50886201,64.26100685
102,51,Helmstedt - Wolfsburg,903,2002,0,1,53.50518799,52.5111618,36.79174042,33.88298035,0.942775428,0.852204382,0.664241791,51.84692001,0.211394131,26.10000038,61
103,52,Goslar - Northeim - Osterode,903,1998,0,0,54.03271866,52.57229233,35.99563599,32.25941849,1.040854216,1.049732089,NA,NA,0.139940485,26.42950499,45.11758437
104,52,Goslar - Northeim - Osterode,903,2002,0,1,52.40118408,50.92901611,35.65221786,33.66600418,1.169517875,1.083056927,-1.643276215,52.57229233,0.13654761,28,40.40000153
105,53,Gšttingen,903,1998,0,0,49.03499222,47.95606613,39.1266861,31.18839264,1.376415372,1.673638105,NA,NA,0.227409407,20.3689662,32.95434717
106,53,Gšttingen,903,2002,0,1,47.40747452,46.24214935,35.77940369,32.54870224,1.464897871,1.722976565,-1.713916779,47.95606613,0.238570452,21.20000076,30.39999962
107,54,Bremen I,904,1998,0,0,51.53325653,45.71549225,30.45348167,26.85617256,2.080266476,2.628496885,NA,NA,1.765087962,23.53659889,32.26570099
108,54,Bremen I,904,2002,0,1,51.36658478,44.91864014,27.12496567,25.54441452,2.032357454,2.450362206,-0.796852112,45.71549225,2.150222778,25.10000038,29.89999962
109,55,Bremen II - Bremerhaven,904,1998,0,0,59.28346634,55.0290184,26.74616623,23.89876175,2.09218049,2.246219635,NA,NA,1.533798456,23.49657026,32.26569979
110,55,Bremen II - Bremerhaven,904,2002,0,1,58.0402832,52.64996338,24.32522011,23.46998405,1.687721014,1.994645,-2.379055023,55.0290184,1.249183774,25.29999924,26.29999924
111,56,Prignitz - Ostprignitz-Ruppin - Havelland I,912,1998,0,0,52.57790756,47.2686882,22.96504593,21.84069824,16.60074043,17.23556328,NA,NA,0.050672259,20.67133242,34.01727005
112,56,Prignitz - Ostprignitz-Ruppin - Havelland I,912,2002,0,1,48.20468903,49.47421646,23.18583488,22.69964218,16.57334328,15.58613205,2.205528259,47.2686882,0.043819554,23.20000076,29.79999924
113,57,Uckermark - Barnim I,912,1998,0,0,51.83784485,45.5676384,20.22105789,19.63962555,20.16796684,21.30574799,NA,NA,0.058814261,19.03903191,34.40631843
114,57,Uckermark - Barnim I,912,2002,0,1,49.30160522,48.57074356,21.36421585,20.6757946,20.49453354,18.61558151,3.003105164,45.5676384,0.058733836,21.89999962,28.20000076
115,58,Oberhavel - Havelland II,912,1998,0,0,50.30998611,45.4592514,22.16864395,19.59028435,17.78543091,18.3387661,NA,NA,0.093323886,19.78915143,40.23927205
116,58,Oberhavel - Havelland II,912,2002,0,1,45.02250671,45.08761978,24.29348946,23.39037895,17.90061951,14.26835346,-0.371631622,45.4592514,0.108713068,21.60000038,34.09999847
117,59,MŠrkisch-Oderland - Barnim II,912,1998,0,0,48.75762939,41.09579468,9.668679237,20.31699371,26.0106678,23.10874367,NA,NA,0.093795933,19.61471633,32.94213542
118,59,MŠrkisch-Oderland - Barnim II,912,2002,0,1,42.88427734,43.34486389,21.03674126,21.04674721,24.72079468,20.71371269,2.249069214,41.09579468,0.099835441,21.39999962,28
119,60,Brandenburg an der Havel - Potsdam-Mittelmark I - Havelland III - Teltow-FlŠming I,912,1998,0,0,48.22171021,46.3690834,20.91383171,19.60660934,19.98519516,19.23441124,NA,NA,0.094176769,20.76314924,32.61762571
120,60,Brandenburg an der Havel - Potsdam-Mittelmark I - Havelland III - Teltow-FlŠming I,912,2002,0,1,46.37670898,47.99037933,23.42497826,22.31435204,18.7066021,16.35546494,1.621295929,46.3690834,0.074423097,25.20000076,32.29999924
121,61,Potsdam - Potsdam-Mittelmark II - Teltow-FlŠming II,912,1998,0,0,42.55561447,43.18890381,18.03926849,17.21121979,28.83957863,23.74182129,NA,NA,0.226910114,19.77524107,23.95135111
122,61,Potsdam - Potsdam-Mittelmark II - Teltow-FlŠming II,912,2002,0,1,41.78636551,44.92301178,22.0483284,19.94480515,25.22076035,18.24561119,1.734107971,43.18890381,0.362384528,21.39999962,19.89999962
123,62,Dahme-Spreewald - Teltow-FlŠming III - Oberspreewald-Lausitz I,912,1998,0,0,48.92086411,44.24913406,22.21135139,20.65203476,18.96786499,19.21512032,NA,NA,0.07572224,20.8133674,37.79705269
124,62,Dahme-Spreewald - Teltow-FlŠming III - Oberspreewald-Lausitz I,912,2002,0,1,48.25810242,46.36021042,23.67932129,22.59263992,19.60677528,17.00421715,2.111076355,44.24913406,0.065985754,22.39999962,29.20000076
125,63,Frankfurt (Oder) - Oder-Spree,912,1998,0,0,47.23722458,42.89962769,15.79639626,21.00091171,23.23487663,20.83304596,NA,NA,0.104671896,19.28913516,32.93425979
126,63,Frankfurt (Oder) - Oder-Spree,912,2002,0,1,43.87221527,45.48884201,22.05676651,21.86359787,21.8769207,18.91599083,2.589214325,42.89962769,0.112104401,21.70000076,29.39999962
127,64,Cottbus - Spree-Nei§e,912,1998,0,0,43.63767242,41.13587189,23.53649902,22.37327194,20.19890404,20.89704514,NA,NA,0.152838856,19.42476994,33.27992129
128,64,Cottbus - Spree-Nei§e,912,2002,0,1,43.39001846,48.65938568,23.02412415,22.51842499,20.15097809,16.55701447,7.523513794,41.13587189,0.145886496,21.79999924,29.5
129,65,Elbe-Elster - Oberspreewald-Lausitz II,912,1998,0,0,43.89707565,38.92102432,29.14826012,25.81739426,17.72471619,18.35672951,NA,NA,0.081257753,21.50757053,46.76552459
130,65,Elbe-Elster - Oberspreewald-Lausitz II,912,2002,1,1,44.49761581,45.76504517,27.94287491,26.05687332,18.64081955,15.70046711,6.844020844,38.92102432,0.087475933,24.20000076,37.20000076
131,66,Altmark,915,1998,0,0,44.79389954,40.00976563,28.26739311,25.90837479,20.70297813,20.72257423,NA,NA,0.05704188,20.12786196,32.96720856
132,66,Altmark,915,2002,1,1,45.17834473,45.60790253,30.73849297,27.96375656,14.6871748,13.88214493,5.598136902,40.00976563,0.051654801,22.5,29.29999924
133,67,Elbe-Havel-Gebiet,915,1998,0,0,42.36124802,38.33094025,31.67468262,27.8798008,18.50968361,19.88471794,NA,NA,0.072388031,20.75296288,41.49039126
134,67,Elbe-Havel-Gebiet,915,2002,1,1,45.1306839,43.52114868,32.4301033,30.16566277,12.99435329,13.07567787,5.190208435,38.33094025,0.073295072,22.70000076,39.70000076
135,68,Harz,915,1998,0,0,45.04603958,39.67638397,30.25440788,28.47097206,18.27596092,18.8218174,NA,NA,0.129033908,22.57877156,34.21469633
136,68,Harz,915,2002,0,1,44.9378891,44.84742737,29.71953392,29.02519608,13.41309834,12.7812748,5.171043396,39.67638397,0.127900735,24.79999924,30.70000076
137,69,Magdeburg,915,1998,0,0,45.53767776,40.04655838,24.25718117,22.12543488,22.25040436,24.01268387,NA,NA,1.047894478,21.57341276,32.48517895
138,69,Magdeburg,915,2002,1,1,47.67238998,46.34063339,26.4547081,23.76325798,15.57239342,15.40175247,6.294075012,40.04655838,1.211519599,24.89999962,18.39999962
139,70,Bšrde,915,1998,0,0,44.11545944,39.70951843,31.07546234,27.78210068,18.57735252,19.7819519,NA,NA,0.162344202,22.51151697,33.05765256
140,70,Bšrde,915,2002,0,1,45.17861938,44.62321854,32.46378708,30.40519714,14.87628365,13.41132259,4.913700104,39.70951843,0.131212175,24.39999962,35.29999924
141,71,Anhalt,915,1998,0,0,39.77004242,37.47331619,31.95055199,27.94187927,19.65963364,20.20807838,NA,NA,0.125398725,21.7062194,35.98412306
142,71,Anhalt,915,2002,1,1,40.34576797,42.88931656,33.24768448,29.74773407,16.18576431,14.46744156,5.416000366,37.47331619,0.134894714,24.60000038,30.5
143,72,Bernburg - Bitterfeld - Saalkreis,915,1998,0,0,40.32345581,36.15844345,32.83082199,29.44781113,18.65265846,19.55409813,NA,NA,0.226576105,22.08850913,34.37561823
144,72,Bernburg - Bitterfeld - Saalkreis,915,2002,1,1,43.27015305,40.30466843,32.52378082,31.46453476,14.42477226,14.16873932,4.146224976,36.15844345,0.171189532,23.70000076,35.40000153
145,73,Halle,915,1998,0,0,40.5283165,36.49731445,25.49600983,23.19638062,24.16381454,23.83970833,NA,NA,1.427970052,20.29143968,29.39048092
146,73,Halle,915,2002,1,1,39.39146805,42.03709412,25.83513641,24.48198891,22.48356247,17.18945122,5.539779663,36.49731445,1.877160311,23.20000076,18.70000076
147,74,Burgenland,915,1998,0,0,39.58443832,36.01493073,33.50997925,29.61654282,19.89413071,20.07736206,NA,NA,0.157950044,23.72821238,42.91439943
148,74,Burgenland,915,2002,0,1,35.51102448,40.7610817,34.52591705,31.40862846,16.61362076,14.86867523,4.74615097,36.01493073,0.16688858,26.20000076,35
149,75,Mansfelder Land,915,1998,0,0,41.44755936,37.21448517,31.09204865,29.06334305,20.47956276,20.43158722,NA,NA,0.147111267,23.52597114,40.6644688
150,75,Mansfelder Land,915,2002,0,1,39.81374359,41.76113129,31.06578064,30.88396454,16.98821831,15.10621166,4.546646118,37.21448517,0.131824166,25.39999962,31.79999924
151,76,Berlin-Mitte,911,1998,0,0,45.3175621,39.35622406,21.17912483,20.61522675,14.18757915,11.91577721,NA,NA,7.790262222,19.05802968,26.10375913
152,76,Berlin-Mitte,911,2002,0,1,41.30855942,36.94330978,24.70301437,23.20545387,12.90259361,9.89341259,-2.412914276,39.35622406,7.070720673,18,20.89999962
153,77,Berlin-Pankow,911,1998,0,0,36.11458969,35.38737869,14.89748478,15.17950916,32.68704987,25.3455677,NA,NA,3.153758287,19.05802938,26.10375903
154,77,Berlin-Pankow,911,2002,0,1,44.69997406,37.80097961,16.75264931,15.93221092,26.14258003,20.20262718,2.413600922,35.38737869,2.769702196,19.39999962,20.89999962
155,78,Berlin-Reinickendorf,911,1998,0,0,47.70118332,40.75995636,36.95872879,33.39821243,1.788148284,2.209877014,NA,NA,3.175868273,19.05802868,26.1037597
156,78,Berlin-Reinickendorf,911,2002,0,1,42.45752716,35.08506775,42.02753448,38.13294983,1.906187057,1.966485381,-5.674888611,40.75995636,3.104006529,24.70000076,20.89999962
157,79,Berlin-Spandau - Charlottenburg-Nord,911,1998,0,0,49.68377304,43.68307114,33.82622147,30.49478149,2.050528049,2.582622051,NA,NA,2.95870471,19.05802973,26.10375993
158,79,Berlin-Spandau - Charlottenburg-Nord,911,2002,0,1,44.14459229,37.76942444,39.00809479,34.96861267,2.042658329,2.338380814,-5.913646698,43.68307114,2.801552057,23.70000076,20.89999962
159,80,Berlin-Steglitz - Zehlendorf,911,1998,0,0,42.70061874,35.42848969,39.43944931,33.4432373,1.394103646,2.026602507,NA,NA,2.734223604,19.05802869,26.10375867
160,80,Berlin-Steglitz - Zehlendorf,911,2002,0,1,40.83673477,31.56603241,38.44020844,35.31695175,1.524812102,1.882350206,-3.862457275,35.42848969,2.699263096,25.29999924,20.89999962
161,81,Berlin-Charlottenburg - Wilmersdorf,911,1998,0,0,43.25349045,36.07930374,33.41436005,29.3656826,1.721078753,2.434506655,NA,NA,5.169845104,19.05802872,26.10375893
162,81,Berlin-Charlottenburg - Wilmersdorf,911,2002,0,1,41.74966812,32.80882263,31.22503662,30.26266479,2.016049385,2.290559292,-3.27048111,36.07930374,5.085375309,23.39999962,20.89999962
163,82,Berlin-Tempelhof - Schšneberg,911,1998,0,0,41.3958931,39.23148346,35.84498596,30.1694603,1.719755888,2.503706455,NA,NA,5.897088051,19.05802923,26.10375895
164,82,Berlin-Tempelhof - Schšneberg,911,2002,0,1,35.73862839,34.9624176,34.6172142,31.99372673,1.742715359,2.351710796,-4.269065857,39.23148346,6.412457943,21.70000076,20.89999962
165,83,Berlin-Neukšlln,911,1998,0,0,48.53603745,42.09225845,31.78480339,28.83848763,2.404109716,2.989297867,NA,NA,6.095379353,19.0580299,26.10375866
166,83,Berlin-Neukšlln,911,2002,0,1,41.94836426,36.30573654,36.61698532,33.8012085,3.464130402,3.148255825,-5.786521912,42.09225845,5.982049465,20.20000076,20.89999962
167,84,Berlin-Friedrichshain - Kreuzberg - Prenzlauer Berg-Ost,911,1998,0,0,36.46178055,35.63105011,13.51002502,13.65000343,25.06391144,20.33371544,NA,NA,10.82534122,19.05802895,26.1037593
168,84,Berlin-Friedrichshain - Kreuzberg - Prenzlauer Berg-Ost,911,2002,0,1,29.12739754,39.19758987,13.03739738,12.84817028,21.37976646,17.19412994,3.566539764,35.63105011,11.14692974,14.30000019,20.89999962
169,85,Berlin-Treptow - Kšpenick,911,1998,0,0,37.62823868,38.3695755,15.75838947,16.04091644,34.83865356,27.52376175,NA,NA,1.366433859,19.05802727,26.10376018
170,85,Berlin-Treptow - Kšpenick,911,2002,0,1,39.31442642,41.21064377,18.12849808,17.45608711,30.13116074,23.41407967,2.841068268,38.3695755,1.427536726,26.60000038,20.89999962
171,86,Berlin-Marzahn - Hellersdorf,911,1998,0,0,26.56006813,34.35320663,14.50497532,15.22202206,46.66205215,32.57550812,NA,NA,5.545167923,19.05802959,26.10375969
172,86,Berlin-Marzahn - Hellersdorf,911,2002,0,1,33.6781311,38.75849915,18.04180336,17.66933632,37.7200737,27.27745247,4.405292511,34.35320663,5.091701984,13.69999981,20.89999962
173,87,Berlin-Lichtenberg,911,1998,0,0,31.71658516,34.51057434,13.88219929,14.29821968,42.50953293,34.04409409,NA,NA,4.712798119,19.05802845,26.1037606
174,87,Berlin-Lichtenberg,911,2002,0,1,32.52925873,38.71772766,16.91827393,16.1483326,39.62269592,29.31283188,4.20715332,34.51057434,4.896507263,18.89999962,20.89999962
175,88,Aachen,905,1998,0,0,47.26937866,39.19946671,42.528759,34.95170212,1.046031117,1.737199187,NA,NA,1.488987327,20.49056905,29.36082036
176,88,Aachen,905,2002,0,1,47.36381531,36.09648132,37.97583008,33.97896194,1.246556401,1.626466751,-3.102985382,39.19946671,1.464999437,22,24.29999924
177,89,Kreis Aachen,905,1998,0,0,53.11563492,49.77486801,38.36764526,34.20994949,1.043378353,1.118434072,NA,NA,0.559957504,22.10605925,45.8325502
178,89,Kreis Aachen,905,2002,0,1,49.20521927,44.81300354,37.85834885,35.20766449,0.800376117,0.905510664,-4.961864471,49.77486801,0.564546287,23.29999924,42.09999847
179,90,Heinsberg,905,1998,0,0,40.21463394,39.67398453,49.21099091,44.09534454,0,0.764508128,NA,NA,0.381320775,20.43036965,46.65385716
180,90,Heinsberg,905,2002,0,1,36.89363861,35.935112,50.28688812,45.46234131,1.117501974,0.888492167,-3.738872528,39.67398453,0.392187685,21.70000076,38.90000153
181,91,DŸren,905,1998,0,0,47.07566071,45.35183716,43.4142189,38.87656403,0.884270012,1.024477839,NA,NA,0.277925313,20.84543131,44.14237831
182,91,DŸren,905,2002,0,1,45.46001816,40.97542191,43.2977562,39.82421875,0.870155334,0.897440016,-4.376415253,45.35183716,0.284784734,21.89999962,40.5
183,92,Erftkreis I,905,1998,0,0,53.02329636,48.24032593,38.43875504,34.25285339,0.777485847,0.955991566,NA,NA,0.608458579,20.01268059,42.01610239
184,92,Erftkreis I,905,2002,0,1,48.92050171,43.78800201,37.17172623,34.22650146,0.830705762,0.918088317,-4.452323914,48.24032593,0.618044376,21.70000076,32.79999924
185,93,Euskirchen - Erftkreis II,905,1998,0,0,43.25532532,40.3417244,46.75494003,40.38432693,0,0.919513941,NA,NA,0.21749787,21.28303934,44.99145828
186,93,Euskirchen - Erftkreis II,905,2002,0,1,40.16616821,37.02915955,44.85015106,40.86170578,1.087542176,0.970377982,-3.31256485,40.3417244,0.222298324,22.5,40.90000153
187,94,Kšln I,905,1998,0,0,51.6427803,46.34352875,33.16926193,28.96513557,1.36794734,1.629461169,NA,NA,2.447906971,21.02605968,26.53784028
188,94,Kšln I,905,2002,0,1,50.0219574,42.89398193,32.39918137,29.08228874,1.619702816,1.911837816,-3.449546814,46.34352875,2.089715958,22.29999924,21.5
189,95,Kšln II,905,1998,0,0,45.34009552,38.00442123,38.22252274,31.5754509,0.969854295,1.581801891,NA,NA,2.367957354,21.02605923,26.53784076
190,95,Kšln II,905,2002,0,1,43.90129852,36.30669403,34.17797852,30.697649,1.263079762,1.778638363,-1.697727203,38.00442123,2.924887657,22.29999924,21.5
191,96,Kšln III,905,1998,0,0,52.1028595,47.75458527,31.30165672,27.90817642,1.24319315,1.667904139,NA,NA,2.196377039,21.02606031,26.53783892
192,96,Kšln III,905,2002,0,1,50.3423996,44.56600952,30.12309074,27.26559067,1.955023766,1.995461106,-3.188575745,47.75458527,2.207158566,22.29999924,21.5
193,97,Bonn,905,1998,0,0,40.85894394,35.36039734,42.84879684,36.53829575,0,1.536224604,NA,NA,2.137397528,21.52321039,15.16415967
194,97,Bonn,905,2002,0,1,39.6682663,32.62233734,36.37672424,36.56707001,1.176902413,1.587856054,-2.738059998,35.36039734,2.12417984,22.60000038,16
195,98,Rhein-Sieg-Kreis I,905,1998,0,0,44.5748291,40.77636337,44.45210266,38.6204834,0.848435998,1.168909669,NA,NA,0.436850429,19.68428912,43.5712314
196,98,Rhein-Sieg-Kreis I,905,2002,0,1,44.1712265,37.69999695,40.8845787,38.64923096,0.743121803,0.989555657,-3.076366425,40.77636337,0.455385238,21.20000076,38.70000076
197,99,Rhein-Sieg-Kreis II,905,1998,0,0,41.61998367,34.9198761,48.75242615,41.68803024,0.637510419,0.995420754,NA,NA,0.533463538,19.6842896,34.12951902
198,99,Rhein-Sieg-Kreis II,905,2002,0,1,36.74572372,32.17860413,48.20959473,42.78108597,0.754348993,0.87015152,-2.741271973,34.9198761,0.549933195,21.20000076,28.89999962
199,100,Oberbergischer Kreis,905,1998,0,0,44.93329239,41.13943863,44.72359085,39.83903503,0,0.919541538,NA,NA,0.306934059,21.38480868,55.10501928
200,100,Oberbergischer Kreis,905,2002,0,1,43.43518448,38.40447235,45.18655396,41.74794388,0.827812612,0.976490617,-2.734966278,41.13943863,0.311641306,22.60000038,49.59999847
201,101,Rheinisch-Bergischer Kreis,905,1998,0,0,42.74274445,38.79035568,45.21591187,37.16766357,0.829675794,1.075578809,NA,NA,0.729836226,22.34582427,46.57803329
202,101,Rheinisch-Bergischer Kreis,905,2002,0,1,40.07516861,36.29579163,44.7882576,37.98221207,0.888145924,1.077102304,-2.494564056,38.79035568,0.627163053,23.60000038,35.20000076
203,102,Leverkusen - Kšln IV,905,1998,0,0,52.14049149,48.48282623,35.48968887,31.1007328,1.151938319,1.365309596,NA,NA,1.905240774,21.94863145,38.9844853
204,102,Leverkusen - Kšln IV,905,2002,0,1,49.7617569,45.3678894,34.09517288,31.06450653,1.22515738,1.489781976,-3.114936829,48.48282623,2.177157402,25.39999962,55.79999924
205,103,Wuppertal I,905,1998,0,0,54.65459061,47.83208847,32.72373962,28.4379425,1.444937348,1.781801701,NA,NA,2.250503778,23.29919204,43.86813988
206,103,Wuppertal I,905,2002,0,1,49.92667007,42.76114273,33.59517288,30.05547142,1.80568099,2.040601015,-5.07094574,47.83208847,2.422326088,24.89999962,35.79999924
207,104,Solingen - Remscheid - Wuppertal II,905,1998,0,0,49.95357132,45.11027145,39.5921402,32.43218231,0.149925038,1.417477727,NA,NA,1.844930291,23.50432892,51.43854318
208,104,Solingen - Remscheid - Wuppertal II,905,2002,0,1,47.07844543,41.41815948,37.61041641,34.2950058,1.140091896,1.415086508,-3.692111969,45.11027145,1.669517517,24.79999924,50.29999924
209,105,Mettmann I,905,1998,0,0,45.95185089,43.16677094,43.299366,35.40415192,1.016098022,1.254505634,NA,NA,1.497352719,21.70847023,36.2407482
210,105,Mettmann I,905,2002,0,1,42.77886581,39.33434296,42.26212311,37.42034912,0.976461709,1.056822062,-3.832427979,43.16677094,1.50310576,23.79999924,31.79999924
211,106,Mettmann II,905,1998,0,0,46.81128693,46.22327423,43.74401474,33.47729874,1.08950603,1.222339869,NA,NA,1.043874383,21.70846877,54.29349414
212,106,Mettmann II,905,2002,0,1,45.31980896,41.40981293,40.63312149,35.82804489,1.116084337,1.236791015,-4.813461304,46.22327423,1.048515916,23.79999924,47
213,107,DŸsseldorf I,905,1998,0,0,44.6752739,40.5595932,42.43146896,34.50699234,1.110904336,1.585084915,NA,NA,2.390921354,23.6204613,22.8530686
214,107,DŸsseldorf I,905,2002,0,1,44.06072998,36.67121124,40.3274765,35.58098984,1.13784194,1.464606762,-3.888381958,40.5595932,2.385498762,24.79999924,20.5
215,108,DŸsseldorf II,905,1998,0,0,50.26913452,46.59865952,34.75356293,31.25099564,1.307933211,1.804181218,NA,NA,2.984423876,23.62046008,22.85306877
216,108,DŸsseldorf II,905,2002,0,1,49.64493179,41.97822952,35.14856339,32.15340805,1.463852882,1.72433424,-4.620429993,46.59865952,2.96385169,24.79999924,20.5
217,109,Neuss I,905,1998,0,0,45.52253342,42.33292389,45.28162766,39.32878113,0.922098219,1.04885304,NA,NA,0.882865787,20.40752957,42.35692972
218,109,Neuss I,905,2002,0,1,44.7498436,38.61270142,43.60741806,40.41539001,0.900128603,0.958460748,-3.720222473,42.33292389,0.8327052,22.39999962,39.40000153
219,110,Mšnchengladbach,905,1998,0,0,47.67778397,42.50984955,41.11613464,37.3651886,0,1.114556789,NA,NA,1.564232588,22.20157088,39.26871228
220,110,Mšnchengladbach,905,2002,0,1,42.38589478,37.99285507,43.62422562,40.79607391,0.955026031,1.145886898,-4.516994476,42.50984955,1.545634747,23.70000076,34.90000153
221,111,Krefeld I - Neuss II,905,1998,0,0,42.76549149,41.02156448,46.69179916,38.45475388,0.853806615,1.024804115,NA,NA,0.906559825,21.38766039,44.75814667
222,111,Krefeld I - Neuss II,905,2002,0,1,42.05307388,37.11890411,43.54880905,39.27796555,0.909315884,0.989260316,-3.90266037,41.02156448,0.920384049,24.20000076,37.59999847
223,112,Viersen,905,1998,0,0,44.44894028,41.13970566,44.59160233,38.79885864,0.844201803,0.954051852,NA,NA,0.518107176,21.17112861,43.72612054
224,112,Viersen,905,2002,0,1,41.12001801,37.26034927,44.13423538,40.71077728,0.844881773,0.902384996,-3.879356384,41.13970566,0.5324561,22.39999962,40.09999847
225,113,Kleve,905,1998,0,0,43.1317215,40.19842911,47.32061768,43.5537262,0.733243823,0.78124553,NA,NA,0.236470431,20.59085139,40.03532102
226,113,Kleve,905,2002,0,1,41.99994278,37.1270256,46.13673782,44.2821579,0.871147573,0.769659638,-3.071403503,40.19842911,0.241859451,21.79999924,36.20000076
227,114,Wesel I,905,1998,0,0,54.94447327,50.60731888,35.90227509,32.30768585,0,1.003393292,NA,NA,0.432643473,21.08803124,46.23272277
228,114,Wesel I,905,2002,0,1,50.02488327,46.08107758,37.18686676,33.1831398,0.911822379,0.925096035,-4.526241302,50.60731888,0.304895073,22.79999924,45.40000153
229,115,Krefeld II - Wesel II,905,1998,0,0,51.67756653,50.14258194,38.05163574,31.47223282,0.351086825,1.11117065,NA,NA,1.008562565,21.80445402,45.13714762
230,115,Krefeld II - Wesel II,905,2002,0,1,51.49850845,46.67417908,34.28847885,31.34083366,1.14171946,1.222354412,-3.468402863,50.14258194,1.436850309,22.79999924,28.10000038
231,116,Duisburg I,905,1998,0,0,61.02931976,57.52066422,26.92935181,23.93004036,1.335226536,1.724749207,NA,NA,1.991433978,24.12985914,40.21285868
232,116,Duisburg I,905,2002,0,1,57.54104233,53.54089737,27.88717079,24.98566437,2.013171911,1.915818691,-3.979766846,57.52066422,1.960390806,25.60000038,36.90000153
233,117,Duisburg II,905,1998,0,0,66.40945435,62.87236023,23.18478012,20.89867973,1.45815289,1.671386123,NA,NA,2.700771332,24.12986076,40.21286068
234,117,Duisburg II,905,2002,0,1,63.12120438,58.99823761,24.53056335,22.84697151,2.064602613,1.732138395,-3.87412262,62.87236023,2.611187696,25.60000038,36.90000153
235,118,Oberhausen - Wesel III,905,1998,0,0,65.21490479,61.33634949,25.09061623,23.27636147,0,1.219831467,NA,NA,1.960058808,23.29882161,35.06976665
236,118,Oberhausen - Wesel III,905,2002,0,1,61.75738525,56.94654465,25.47543907,24.02542686,1.519486547,1.422617078,-4.38980484,61.33634949,2.384195566,24.79999924,34.09999847
237,119,MŸlheim - Essen I,905,1998,0,0,58.39890289,56.52500534,30.29474258,26.46046829,0.429883689,1.220305681,NA,NA,2.591092587,25.83429638,36.02491184
238,119,MŸlheim - Essen I,905,2002,0,1,53.53310776,51.5664444,30.85941124,27.57769585,1.261712551,1.279842615,-4.958560944,56.52500534,2.273996592,27.79999924,26.89999962
239,120,Essen II,905,1998,0,0,63.25592422,59.92597961,25.61434746,23.01976585,1.440226436,1.683823943,NA,NA,3.244400978,25.37466083,29.92507983
240,120,Essen II,905,2002,0,1,60.93401337,54.52120209,26.63096809,24.4908638,1.581403971,1.665275693,-5.404777527,59.92597961,3.208156347,26.70000076,26.89999962
241,121,Essen III,905,1998,0,0,51.08116913,48.07416153,36.16216278,30.12388611,1.234553814,1.535864472,NA,NA,2.204074621,25.37465964,29.92507938
242,121,Essen III,905,2002,0,1,49.75955582,44.074543,35.18349075,30.88679695,1.290232778,1.491482496,-3.99961853,48.07416153,2.439729691,26.70000076,26.89999962
243,122,Recklinghausen I,905,1998,0,0,58.84560776,56.98057556,30.08882332,26.67807961,1.239896178,1.307145357,NA,NA,1.414346457,22.42285896,46.63013258
244,122,Recklinghausen I,905,2002,0,1,56.15914917,53.14789963,30.58483887,28.02107239,1.271986604,1.162757039,-3.832675934,56.98057556,1.406961203,23.89999962,29
245,123,Recklinghausen II,905,1998,0,0,58.47660446,57.0675621,31.14390945,27.62905312,1.187299252,1.203284383,NA,NA,0.584659934,23.14036661,46.63013086
246,123,Recklinghausen II,905,2002,0,1,56.5583992,53.01923752,30.77610397,28.42083931,1.307339787,1.068802595,-4.048324585,57.0675621,0.696702898,23.89999962,39
247,124,Gelsenkirchen,905,1998,0,0,64.30260468,62.32077408,24.28265381,21.94554138,1.411295295,1.540403485,NA,NA,2.605202198,24.6776187,46.6301313
248,124,Gelsenkirchen,905,2002,0,1,60.27557755,56.48921204,25.7440834,23.95889854,1.352694511,1.423018336,-5.831562042,62.32077408,2.554556847,25.70000076,33.79999924
249,125,Steinfurt I - Borken I,905,1998,0,0,44.76912689,41.36857224,46.93041229,42.22600937,0.197873175,0.69092232,NA,NA,0.227085695,18.31076805,48.37860841
250,125,Steinfurt I - Borken I,905,2002,0,1,41.08979034,37.69828796,48.21163559,43.77897263,0.662572086,0.698521852,-3.670284271,41.36857224,0.27133584,20.89999962,39.09999847
251,126,Bottrop - Recklinghausen III,905,1998,0,0,60.90541458,58.03187561,30.06494904,27.11816978,1.34574914,1.289445519,NA,NA,0.899951339,22.82175358,46.63013228
252,126,Bottrop - Recklinghausen III,905,2002,0,1,57.61004639,53.11006927,30.40945244,28.76018333,1.245345712,1.24607408,-4.921806335,58.03187561,0.917992353,24.10000038,41.40000153
253,127,Borken II,905,1998,0,0,40.8576622,38.51781082,50.91211319,45.98753738,0.483016014,0.621823907,NA,NA,0.289797574,19.37814886,50.25714964
254,127,Borken II,905,2002,0,1,37.14200974,33.50438309,51.53141022,47.90702438,0.708395481,0.676465094,-5.013427734,38.51781082,0.253653288,19.60000038,50.90000153
255,128,Coesfeld - Steinfurt II,905,1998,0,0,39.99247742,37.04613495,50.32590103,44.32207108,0,0.790614605,NA,NA,0.187839478,18.00955027,42.76602264
256,128,Coesfeld - Steinfurt II,905,2002,0,1,37.60053253,34.10742188,49.2857933,44.61661148,0.697381377,0.737197816,-2.938713074,37.04613495,0.188387036,19.5,36.90000153
257,129,Steinfurt III,905,1998,0,0,50.65258789,47.2536087,40.81736374,35.50252151,0,0.762229204,NA,NA,0.254413515,19.33121864,48.04519899
258,129,Steinfurt III,905,2002,0,1,47.15058899,44.02536774,41.80515289,36.46097946,0.936666608,0.798324585,-3.228240967,47.2536087,0.226286173,20.89999962,44.59999847
259,130,MŸnster,905,1998,0,0,41.84502029,36.35894775,44.21495056,35.15125275,0.974421501,1.470213294,NA,NA,0.876123369,19.99451081,21.21220043
260,130,MŸnster,905,2002,0,1,40.835392,36.22109222,39.85603714,34.26039124,1.001924276,1.399484992,-0.13785553,36.35894775,0.872668386,21.29999924,19.10000038
261,131,Warendorf,905,1998,0,0,41.97569656,41.47827148,46.91319275,40.65888214,0.796145022,0.908821642,NA,NA,0.207634702,19.86408986,54.71833285
262,131,Warendorf,905,2002,0,1,39.79930878,38.52639771,45.30926895,41.67217255,0.896847785,0.832051754,-2.951873779,41.47827148,0.21080704,21.29999924,50.29999924
263,132,GŸtersloh,905,1998,0,0,43.46386719,40.8647995,46.04330444,39.92560959,0.807839274,0.962341845,NA,NA,0.345200717,19.53883932,57.76567671
264,132,GŸtersloh,905,2002,0,1,40.42919922,37.13694763,46.17634201,41.91375732,0.847449064,0.849985778,-3.727851868,40.8647995,0.355495363,20.89999962,52.29999924
265,133,Bielefeld,905,1998,0,0,50.16098022,44.84848785,36.97280121,31.47344971,1.29075563,1.820866346,NA,NA,1.148633003,24.05007972,36.12781873
266,133,Bielefeld,905,2002,0,1,49.84416199,41.54896927,36.05582809,31.94107437,1.628327727,1.812906027,-3.299518585,44.84848785,1.13874805,25.29999924,32.79999924
267,134,Herford - Minden-LŸbbecke II,905,1998,0,0,52.71731186,48.47363663,38.7313652,34.11953735,0,1.066658378,NA,NA,0.538751662,23.82434003,47.83361965
268,134,Herford - Minden-LŸbbecke II,905,2002,0,1,49.69097519,45.06678009,38.16890335,35.38378906,1.007096529,1.010030627,-3.406856537,48.47363663,0.592820346,25.10000038,46.40000153
269,135,Minden-LŸbbecke I,905,1998,0,0,53.21757889,48.75027084,37.19414902,33.4728775,0,0.93061763,NA,NA,0.269465327,23.35930123,47.83361675
270,135,Minden-LŸbbecke I,905,2002,0,1,49.708992,44.89638901,37.70247269,34.87388611,0.782236457,0.910972595,-3.853881836,48.75027084,0.248903498,24.5,44.59999847
271,136,Lippe I,905,1998,0,0,52.22408676,49.34275055,36.84371948,32.10510635,0.900274158,1.029123306,NA,NA,0.303292394,23.27531081,55.52796959
272,136,Lippe I,905,2002,0,1,49.54473877,45.85176086,36.2579155,33.61778641,0.921617448,0.973976493,-3.490989685,49.34275055,0.305831075,24.5,50.70000076
273,137,Hšxter - Lippe II,905,1998,0,0,42.58281708,40.76692581,47.17252731,41.74312973,0.841327667,0.902204514,NA,NA,0.17133595,21.91534103,42.08011948
274,137,Hšxter - Lippe II,905,2002,0,1,40.16876221,36.91450119,47.1531105,44.17847061,0.842685521,0.801107168,-3.852424622,40.76692581,0.172184333,23.39999962,38.29999924
275,138,Paderborn,905,1998,0,0,33.83085251,32.56361008,53.86969376,49.81842422,0,0.804336727,NA,NA,0.225585505,18.09157041,46.34121009
276,138,Paderborn,905,2002,0,1,31.38290405,29.12579727,53.56288147,52.23530579,0.722902894,0.822640181,-3.437812805,32.56361008,0.23092787,19.29999924,39.90000153
277,139,Hagen - Ennepe-Ruhr-Kreis I,905,1998,0,0,56.00401306,51.9943161,33.23882675,29.26468849,0.731089592,1.166709065,NA,NA,1.019890308,24.19447678,43.64795688
278,139,Hagen - Ennepe-Ruhr-Kreis I,905,2002,0,1,55.22148514,48.96828079,32.79372787,30.93543434,0.949519157,1.142242074,-3.026035309,51.9943161,0.95888406,26,42.20000076
279,140,Ennepe-Ruhr-Kreis II,905,1998,0,0,58.64679337,55.56796646,29.71949196,25.40802383,0.490165234,1.214030981,NA,NA,1.040816665,23.89526057,46.67261571
280,140,Ennepe-Ruhr-Kreis II,905,2002,0,1,55.68975067,51.55350494,29.98079872,26.85793304,1.276921391,1.281100392,-4.014461517,55.56796646,1.014276266,25.20000076,44.59999847
281,141,Bochum I,905,1998,0,0,59.15633011,56.77756119,28.84911346,24.54461098,1.351613045,1.489780903,NA,NA,3.042931795,24.00274057,41.76352006
282,141,Bochum I,905,2002,0,1,56.9822731,52.00506973,28.36081314,25.46505928,1.678684592,1.822948098,-4.772491455,56.77756119,2.884492397,25.20000076,35.29999924
283,142,Herne - Bochum II,905,1998,0,0,65.33152771,62.89822006,24.32508469,21.29996109,1.499131083,1.493330359,NA,NA,2.681951284,24.18254439,41.76351904
284,142,Herne - Bochum II,905,2002,0,1,61.48546219,57.79203033,25.80621529,23.24575233,1.701303005,1.618075609,-5.106189728,62.89822006,2.960022449,25.39999962,28.60000038
285,143,Dortmund I,905,1998,0,0,57.67605972,55.25524139,27.96717262,24.67486954,2.185786247,1.670323133,NA,NA,2.595935583,23.98776255,37.49875307
286,143,Dortmund I,905,2002,0,1,57.81391144,51.7521019,27.37340355,25.12787628,1.812033176,1.83402729,-3.503139496,55.25524139,1.905030489,25.10000038,25.89999962
287,144,Dortmund II,905,1998,0,0,60.53616333,58.16003799,26.94754028,23.76938057,1.770954967,1.602379203,NA,NA,1.644710541,23.68950079,33.13408068
288,144,Dortmund II,905,2002,0,1,59.97048187,54.48931503,27.11224556,24.86207962,1.620104313,1.621216536,-3.670722961,58.16003799,2.414314508,25.10000038,25.89999962
289,145,Unna I,905,1998,0,0,59.32590485,56.91748428,28.78641129,25.48876381,1.015431523,1.198427558,NA,NA,0.803676784,21.14176883,42.62105915
290,145,Unna I,905,2002,0,1,56.42270279,53.32022476,29.51509666,26.84352684,1.119565248,1.09447217,-3.597259521,56.91748428,0.815017343,22.60000038,35.79999924
291,146,Hamm - Unna II,905,1998,0,0,55.43766785,53.46403885,36.14540482,31.67345428,1.184804082,1.165220499,NA,NA,0.780087829,21.80251003,41.14420045
292,146,Hamm - Unna II,905,2002,0,1,54.29441452,50.49687195,35.55258942,32.57764435,1.166858077,0.98255372,-2.967166901,53.46403885,0.781452775,23,37.09999847
293,147,Soest,905,1998,0,0,45.45542526,43.12897491,44.40181732,38.46183014,0,0.946559012,NA,NA,0.226517648,20.92890975,48.83744037
294,147,Soest,905,2002,0,1,42.90026093,38.62044907,44.23455429,40.18038177,1.32054925,1.001873016,-4.508525848,43.12897491,0.230012551,22.39999962,45.90000153
295,148,Hochsauerlandkreis,905,1998,0,0,41.67446518,39.38679886,51.38373947,45.04256439,0,0.708446205,NA,NA,0.145397574,21.96299006,53.86471272
296,148,Hochsauerlandkreis,905,2002,0,1,36.96061325,34.41611099,53.7460556,48.53417206,0.798918486,0.725346386,-4.970687866,39.38679886,0.144737035,23.60000038,51.79999924
297,149,Siegen-Wittgenstein,905,1998,0,0,47.86182404,46.77673721,41.83245468,34.85937881,0,1.130202651,NA,NA,0.24574922,21.25836675,47.01914486
298,149,Siegen-Wittgenstein,905,2002,0,1,44.26652145,41.79185486,42.95918274,38.12319946,0.891003549,1.011943817,-4.984882355,46.77673721,0.262829214,23.20000076,46.09999847
299,150,Olpe - MŠrkischer Kreis I,905,1998,0,0,43.35527802,40.85215378,47.26137161,41.85583115,0,0.959046006,NA,NA,0.281493843,20.54481617,63.53194094
300,150,Olpe - MŠrkischer Kreis I,905,2002,0,1,39.94960022,37.05275726,48.18664932,44.14819336,0.974728346,0.863070488,-3.799396515,40.85215378,0.258731276,21,59.59999847
301,151,MŠrkischer Kreis II,905,1998,0,0,50.95822906,46.3060379,39.64849854,34.4771843,0,1.126827717,NA,NA,0.474808931,21.3257404,58.99064161
302,151,MŠrkischer Kreis II,905,2002,0,1,49.64932632,43.11762238,38.63504028,37.00801468,0.813736141,0.90417105,-3.188415527,46.3060379,0.486919552,22.89999962,57.90000153
303,152,Delitzsch - Torgau-Oschatz - Riesa,914,1998,0,0,33.83649445,32.10829926,34.39169693,30.31241608,20.79091454,20.99913979,NA,NA,0.129212767,21.51483698,42.63458351
304,152,Delitzsch - Torgau-Oschatz - Riesa,914,2002,1,1,34.8724823,35.96105957,38.73667526,33.25179672,17.42168427,16.44892502,3.852760315,32.10829926,0.128681794,23,34.09999847
305,153,Leipzig I,914,1998,0,0,38.43965149,36.22673416,28.43393326,25.14627838,22.24468422,21.90402985,NA,NA,1.379442692,23.01355335,27.75527096
306,153,Leipzig I,914,2002,1,1,40.69507599,39.82398224,27.87874031,25.20042992,19.98544502,17.56365204,3.597248077,36.22673416,1.39947176,25.29999924,21.20000076
307,154,Leipzig II,914,1998,0,0,36.65749741,36.45939636,26.25701714,24.13984299,25.4899025,22.47239304,NA,NA,1.982172251,23.04089679,26.51544144
308,154,Leipzig II,914,2002,1,1,39.93087387,40.57727814,23.91949654,22.71177101,23.43507385,17.82099533,4.117881775,36.45939636,1.976562738,25.29999924,21.20000076
309,155,Leipziger-Land - Muldentalkreis,914,1998,0,0,36.14119339,33.53900146,36.12498856,30.15109825,18.0219841,19.55413437,NA,NA,0.184239075,22.47446091,45.41633519
310,155,Leipziger-Land - Muldentalkreis,914,2002,1,1,39.74414063,37.67045593,35.02926254,32.06163406,15.31041431,15.29502106,4.131454468,33.53900146,0.176186845,23.70000076,37.09999847
311,156,Kamenz - Hoyerswerda - Gro§enhain,914,1998,0,0,30.33035088,28.85115051,37.71577072,33.48751831,22.01597786,20.55631828,NA,NA,0.141796455,21.95099664,44.48225369
312,156,Kamenz - Hoyerswerda - Gro§enhain,914,2002,1,1,32.23048401,32.17995453,37.61565399,34.34842682,18.34939957,17.32002449,3.328804016,28.85115051,0.135871112,23.89999962,39.90000153
313,157,Lšbau-Zittau - Gšrlitz - Niesky,914,1998,0,0,30.21368027,25.03298759,42.46936035,37.54356766,17.86926651,18.16643333,NA,NA,0.177543014,22.88489833,41.76904748
314,157,Lšbau-Zittau - Gšrlitz - Niesky,914,2002,1,1,27.00895691,28.39271927,40.6472168,37.87902451,18.3702507,16.28914833,3.359731674,25.03298759,0.205453277,27.10000038,32.40000153
315,158,Bautzen - Wei§wasser,914,1998,0,0,28.49704933,24.28615189,42.32968521,37.77753067,18.49326706,18.96746254,NA,NA,0.159928024,22.37417246,43.33660561
316,158,Bautzen - Wei§wasser,914,2002,1,1,25.87973785,27.99498367,42.83161163,38.68535614,16.64347076,15.86519146,3.708831787,24.28615189,0.126027673,23.60000038,37.5
317,159,SŠchsische Schweiz - Wei§eritzkreis,914,1998,0,0,23.35520172,23.08228683,44.45584488,40.08280182,20.68572998,18.04166794,NA,NA,0.190816551,22.91680238,47.25609162
318,159,SŠchsische Schweiz - Wei§eritzkreis,914,2002,1,1,25.76418495,27.45292854,46.18629837,41.59180069,14.54563713,14.30610085,4.370641708,23.08228683,0.164997369,25,36.59999847
319,160,Dresden I,914,1998,0,0,26.99565506,24.98474503,37.63314056,33.62444687,22.98221207,22.76897621,NA,NA,2.408134699,22.23441029,24.95819994
320,160,Dresden I,914,2002,1,1,31.26242065,32.8745842,33.80522919,30.49747658,20.86970901,17.73950768,7.889839172,24.98474503,3.517406464,24.60000038,23.60000038
321,161,Dresden II - Mei§en I,914,1998,0,0,26.15325546,23.95021439,40.39827728,35.27442932,19.51048088,19.52305412,NA,NA,0.687777936,22.27157247,28.1553676
322,161,Dresden II - Mei§en I,914,2002,1,1,29.15621758,30.06946182,37.04290009,33.00610352,17.50567627,15.63393593,6.119247437,23.95021439,0.628723741,25.60000038,42
323,162,Freiberg - Mittlerer Erzgebirgskreis,914,1998,0,0,27.73666,26.53242874,39.74041748,34.78237152,17.48439407,17.86547661,NA,NA,0.173287526,23.50699285,44.15038017
324,162,Freiberg - Mittlerer Erzgebirgskreis,914,2002,1,1,28.3241806,29.41124153,43.33374405,38.33546829,15.76310539,15.0790329,2.87881279,26.53242874,0.165994987,25.20000076,40.79999924
325,163,Dšbeln - Mittweida - Mei§en II,914,1998,0,0,32.55253601,29.22017288,38.67038727,33.65293884,17.23613167,18.63511276,NA,NA,0.223175898,24.00425914,42.43188923
326,163,Dšbeln - Mittweida - Mei§en II,914,2002,1,1,33.97052002,31.96393776,39.25783539,36.14699554,14.80276871,15.59563732,2.743764877,29.22017288,0.176015049,26.39999962,39.5
327,164,Chemnitz,914,1998,0,0,33.43177795,30.24153137,31.17866898,27.41266823,21.40092087,24.36952972,NA,NA,1.062019587,23.89278994,33.96979848
328,164,Chemnitz,914,2002,1,1,34.99777222,35.52305984,29.55332947,26.48230171,20.92650986,19.70431328,5.281528473,30.24153137,1.216279626,27,25.39999962
329,165,Chemnitzer Land - Stollberg,914,1998,0,0,37.61558533,31.84314156,36.09049225,32.01923752,16.89889336,18.51283836,NA,NA,0.295003474,24.6187836,41.74685026
330,165,Chemnitzer Land - Stollberg,914,2002,1,1,32.76769638,34.39616013,36.88764191,34.56116486,15.75009251,14.95590401,2.55301857,31.84314156,0.390371501,26.89999962,42
331,166,Annaberg - Aue-Schwarzenberg,914,1998,0,0,30.59160614,27.16600037,40.52898026,36.29450989,16.53015518,18.16666222,NA,NA,0.244233444,24.41759085,45.51581206
332,166,Annaberg - Aue-Schwarzenberg,914,2002,1,1,27.87080956,31.21213531,43.5148735,39.33845901,14.68558502,14.09441662,4.046134949,27.16600037,0.2395913,25.79999924,42
333,167,Zwickauer Land - Zwickau,914,1998,0,0,33.08037186,30.60695267,34.61000443,31.1480732,21.07879829,21.01827812,NA,NA,0.405050457,24.66226922,39.71157788
334,167,Zwickauer Land - Zwickau,914,2002,1,1,32.11983109,34.63199234,39.35052872,33.54539108,18.37287712,16.59303093,4.025039673,30.60695267,0.397630066,26.60000038,35.59999847
335,168,Vogtland - Plauen,914,1998,0,0,37.35361481,31.81427765,34.2997551,31.44630814,15.84518147,17.80508804,NA,NA,0.217841297,25.25858409,44.14939321
336,168,Vogtland - Plauen,914,2002,1,1,34.18338013,35.71577835,35.01205444,33.68798828,18.14510345,14.59812832,3.901500702,31.81427765,0.196679756,27.39999962,40.29999924
337,169,Waldeck,906,1998,0,0,54.23079681,50.72557449,35.10438919,30.4271698,0.841332197,1.104069233,NA,NA,0.104248755,22.72701735,39.63749539
338,169,Waldeck,906,2002,0,1,52.13505173,48.36170578,35.23981094,33.22061539,1.253026247,1.027475357,-2.363868713,50.72557449,0.116942361,24.29999924,47.90000153
339,170,Kassel,906,1998,0,0,51.00628662,48.6284523,33.47076797,28.63453102,1.301647067,1.842837811,NA,NA,0.764377117,24.08202661,29.12221734
340,170,Kassel,906,2002,0,1,49.32017899,47.85072327,31.176754,29.13098335,1.627699614,1.765549541,-0.777729034,48.6284523,0.835667491,24.89999962,24.79999924
341,171,Werra-Mei§ner - Hersfeld,906,1998,0,0,54.84890366,51.74999237,33.23066711,29.70736313,0.984508157,1.130812049,NA,NA,0.142712384,25.10607589,52.54106437
342,171,Werra-Mei§ner - Hersfeld,906,2002,0,1,54.94198608,49.6915741,35.35042191,32.77519226,1.176173091,1.151954293,-2.058418274,51.74999237,0.116292126,26.60000038,40.40000153
343,172,Schwalm-Eder,906,1998,0,0,53.96632385,51.06863403,34.02036285,29.87308502,1.001961827,1.135272026,NA,NA,0.110535979,22.82454049,45.83038442
344,172,Schwalm-Eder,906,2002,0,1,52.30056763,49.31582642,35.32761002,32.54636002,1.293603182,1.054456592,-1.752807617,51.06863403,0.112349741,24.10000038,42.79999924
345,173,Marburg,906,1998,0,0,47.7370491,43.3098793,39.59240723,33.17001724,1.515451431,1.876042843,NA,NA,0.201624796,19.41345881,44.15853967
346,173,Marburg,906,2002,0,1,47.82416153,42.25718307,38.54925156,35.24316788,1.782852054,1.864050508,-1.052696228,43.3098793,0.202780232,20.89999962,38.70000076
347,174,Lahn-Dill,906,1998,0,0,48.532341,44.34053421,38.10117722,34.08017349,1.022187829,1.209705949,NA,NA,0.246914566,21.98356091,52.22073004
348,174,Lahn-Dill,906,2002,0,1,46.89123535,41.84083176,41.15706253,38.52795792,0.919937372,1.012303352,-2.499702454,44.34053421,0.246322066,23.5,49.29999924
349,175,Gie§en,906,1998,0,0,46.33716965,41.96207047,38.90709305,33.50239563,1.305178404,1.601778746,NA,NA,0.190662041,20.48607427,36.25593694
350,175,Gie§en,906,2002,0,1,45.30662537,40.68468094,39.03088379,36.4538002,1.612689018,1.454834461,-1.277389526,41.96207047,0.186555445,22.89999962,30.20000076
351,176,Fulda,906,1998,0,0,36.85087967,34.2561264,51.51020813,44.13832855,1.261733532,1.206700802,NA,NA,0.130956009,22.69560873,45.22380613
352,176,Fulda,906,2002,0,1,35.17629623,31.97718048,53.96289825,49.15703201,0.945415735,0.915083647,-2.278945923,34.2561264,0.12709026,22.79999924,42.59999847
353,177,Hochtaunus,906,1998,0,0,39.76659393,36.47152328,45.11800003,38.66936111,1.045929074,1.239143372,NA,NA,0.357721031,21.9542275,34.03821204
354,177,Hochtaunus,906,2002,0,1,40.2641449,34.0750618,43.69119644,41.72862625,0.957178891,1.116669178,-2.396461487,36.47152328,0.306140661,23.60000038,28.29999924
355,178,Wetterau,906,1998,0,0,46.21022415,41.74879074,41.28627014,35.23316193,1.045294404,1.293078899,NA,NA,0.248193398,20.92172721,38.15974813
356,178,Wetterau,906,2002,0,1,46.3696022,39.03950882,41.60479355,38.01511383,0.831639469,1.059956312,-2.709281921,41.74879074,0.263258308,22.10000038,34.09999847
357,179,Rheingau-Taunus - Limburg,906,1998,0,0,41.13421631,37.31888962,46.79629517,40.9385376,0.912529945,1.133068204,NA,NA,0.249027133,20.56051057,36.03036862
358,179,Rheingau-Taunus - Limburg,906,2002,0,1,40.28955078,35.45497513,47.37583542,43.04000092,1.029720426,0.942439795,-1.86391449,37.31888962,0.251274705,22,33
359,180,Wiesbaden,906,1998,0,0,44.23398972,38.00185776,42.18781281,35.36002731,1.084058046,1.584830523,NA,NA,1.306982279,23.18141361,23.41629867
360,180,Wiesbaden,906,2002,0,1,47.30492783,36.80826187,39.95325089,36.11502075,1.243277431,1.448024631,-1.193595886,38.00185776,1.300813437,23.89999962,20
361,181,Hanau,906,1998,0,0,45.07381058,40.62792206,43.13623047,35.34930038,1.422926188,1.569026351,NA,NA,0.39950648,20.43021933,44.20657097
362,181,Hanau,906,2002,0,1,47.26268005,39.66798782,39.88521194,38.15004349,1.051788568,1.266289353,-0.959934235,40.62792206,0.401015013,22.10000038,39.09999847
363,182,Main-Taunus,906,1998,0,0,35.45673752,32.18391037,48.48019791,40.15027618,0.876088977,1.129829288,NA,NA,0.777407348,20.88544602,27.68711266
364,182,Main-Taunus,906,2002,0,1,35.6595726,31.31861115,49.77642441,42.99676895,1.078630447,1.026392102,-0.865299225,32.18391037,0.983846903,22.39999962,22.89999962
365,183,Frankfurt am Main I,906,1998,0,0,42.62234879,36.53118134,39.47536469,32.77041626,1.774688005,2.565982819,NA,NA,1.962684989,21.24926055,22.1306796
366,183,Frankfurt am Main I,906,2002,0,1,44.26533127,34.81500626,35.92861557,33.54888535,1.853176594,2.566043377,-1.716175079,36.53118134,2.628377914,22.10000038,14.80000019
367,184,Frankfurt am Main II,906,1998,0,0,39.34990311,34.64558029,39.1018486,32.74832535,1.603888512,2.466807604,NA,NA,3.082246542,21.24926034,22.13068147
368,184,Frankfurt am Main II,906,2002,0,1,35.64651489,33.94287109,35.38227463,32.72983551,1.995401621,2.393697977,-0.702709198,34.64558029,2.556079149,22.10000038,14.80000019
369,185,Gro§-Gerau,906,1998,0,0,51.54391098,46.12666321,35.19920349,31.2407341,1.36314106,1.517092466,NA,NA,0.573867977,19.47096149,45.65364744
370,185,Gro§-Gerau,906,2002,0,1,50.17229462,43.65537643,35.14914703,32.27502823,1.837535739,1.389448285,-2.471286774,46.12666321,0.552138984,21.20000076,43.29999924
371,186,Offenbach,906,1998,0,0,43.45098495,37.56025314,43.05429459,36.36075974,1.186728716,1.567116141,NA,NA,1.38282156,20.20373002,37.79094056
372,186,Offenbach,906,2002,0,1,43.44704819,35.44629669,43.00285721,39.14961243,1.353443623,1.483986616,-2.113956451,37.56025314,1.389296174,21.70000076,29.79999924
373,187,Darmstadt,906,1998,0,0,46.46724319,41.91862488,37.91943741,31.03987503,1.139029026,1.581945658,NA,NA,0.646042168,20.07010057,35.45740041
374,187,Darmstadt,906,2002,0,1,48.40369797,40.09989548,35.95214844,32.0096283,1.1622473,1.587788939,-1.818729401,41.91862488,0.69108808,21.20000076,32.5
375,188,Odenwald,906,1998,0,0,45.0401535,42.19820786,41.4630661,36.40079117,1.103547335,1.197022319,NA,NA,0.298522592,21.59707056,50.18936443
376,188,Odenwald,906,2002,0,1,45.63291931,39.66460419,41.21651459,38.74293137,1.314947963,1.134858608,-2.533603668,42.19820786,0.284927607,23.20000076,44.20000076
377,189,Bergstra§e,906,1998,0,0,45.37156677,41.38194656,43.85902023,37.31859589,0.92946589,1.032021046,NA,NA,0.375422835,21.32034942,42.45884015
378,189,Bergstra§e,906,2002,0,1,45.26910019,39.68702316,43.43243408,39.15876007,0.792931139,0.920446217,-1.694923401,41.38194656,0.379190177,22.89999962,39.90000153
379,190,Eichsfeld - Nordhausen,916,1998,0,0,33.57454681,33.3449707,40.13991547,36.50876999,17.52368927,16.23791695,NA,NA,0.132099703,19.75504026,38.32223947
380,190,Eichsfeld - Nordhausen,916,2002,0,1,34.57833099,36.8204422,41.27653122,38.0116272,15.10372734,12.86748695,3.475471497,33.3449707,0.12954393,22,37.90000153
381,191,Eisenach - Wartburgkreis - Unstrut-Hainich-Kreis I,916,1998,0,0,39.33084488,36.30828094,33.08176804,30.39920425,19.01312065,18.94103622,NA,NA,0.140282303,21.54422226,41.30488895
382,191,Eisenach - Wartburgkreis - Unstrut-Hainich-Kreis I,916,2002,0,1,42.58666229,41.70199203,32.69877625,30.11089516,16.08032799,15.18269634,5.39371109,36.30828094,0.131119221,23.70000076,43.70000076
383,192,KyffhŠuserkreis - Sšmmerda - Unstrut-Hainich-Kreis II,916,1998,0,0,41.20888519,35.73731232,32.08224106,29.86419487,18.72117233,20.42991447,NA,NA,0.109520532,20.90132025,36.92146285
384,192,KyffhŠuserkreis - Sšmmerda - Unstrut-Hainich-Kreis II,916,2002,0,1,42.97328949,41.00640488,30.67891884,29.58278656,17.923069,16.84225464,5.26909256,35.73731232,0.10487543,22.89999962,35.90000153
385,193,Gotha - Ilm-Kreis,916,1998,0,0,37.92352295,33.75213623,32.20114899,29.43519974,20.5787735,21.33230209,NA,NA,0.144229501,21.28176298,39.52368953
386,193,Gotha - Ilm-Kreis,916,2002,0,1,41.83628082,40.46741867,30.82042694,29.90926552,17.88716698,16.19710922,6.71528244,33.75213623,0.153060928,23.5,37.5
387,194,Erfurt,916,1998,0,0,36.22712326,34.13583755,27.37108994,24.32983017,24.74650764,25.74887848,NA,NA,0.780867398,19.8835435,28.58778066
388,194,Erfurt,916,2002,0,1,42.05179977,40.98832703,27.65441513,24.35702324,20.74624634,19.02598572,6.852489471,34.13583755,0.746022701,22.29999924,21.29999924
389,195,Jena - Weimar - Weimarer Land,916,1998,0,0,37.80967712,33.03295517,25.85727501,26.39173317,18.68558311,21.514925,NA,NA,0.154638305,20.60600329,29.33568344
390,195,Jena - Weimar - Weimarer Land,916,2002,0,1,44.41192627,39.56856918,26.26564217,25.7933197,16.86698341,16.54466629,6.535614014,33.03295517,0.252921999,21.5,26.89999962
391,196,Gera - Saale-Holzland-Kreis,916,1998,0,0,34.76383209,32.91196442,27.87948608,25.5929203,25.56046295,25.17377663,NA,NA,0.230833441,21.15582042,33.61218734
392,196,Gera - Saale-Holzland-Kreis,916,2002,1,1,36.5633812,39.46798706,27.10100937,26.35982704,25.0518589,20.10653114,6.556022644,32.91196442,0.212301031,23.29999924,27.70000076
393,197,Greiz - Altenburger Land,916,1998,0,0,38.45734787,34.52690887,32.17052078,29.45197868,19.45472336,19.99699783,NA,NA,0.195647374,22.96736248,40.48898599
394,197,Greiz - Altenburger Land,916,2002,1,1,39.00202942,39.19185257,33.21601486,30.47823524,17.52054214,16.24347496,4.664943695,34.52690887,0.170538962,25.70000076,39.5
395,198,Sonneberg - Saalfeld-Rudolstadt - Saale-Orla-Kreis,916,1998,0,0,39.31986237,36.04820251,30.87920189,28.04716492,21.47941399,20.78949738,NA,NA,0.1299375,21.84768174,41.14065379
396,198,Sonneberg - Saalfeld-Rudolstadt - Saale-Orla-Kreis,916,2002,0,1,41.60755157,40.05691528,31.20832062,29.76787186,18.50635529,17.680933,4.008712769,36.04820251,0.115533166,25.29999924,44.20000076
397,199,Suhl - Schmalkalden-Meiningen - Hildburghausen,916,1998,0,0,36.66616821,34.66410828,30.06717491,28.8867588,24.30674171,22.71907616,NA,NA,0.129723862,21.47619912,41.81065213
398,199,Suhl - Schmalkalden-Meiningen - Hildburghausen,916,2002,0,1,35.60039902,39.65671921,31.91841316,29.53785896,25.11274529,18.82309532,4.992610931,34.66410828,0.119047888,23.29999924,39.20000076
399,200,Neuwied,907,1998,0,0,45.53310394,42.49703979,44.19020081,39.94225693,0.897309542,1.013577104,NA,NA,0.250207365,22.68426017,49.95964299
400,200,Neuwied,907,2002,0,1,44.91008377,38.53905869,44.29798889,41.76489639,1.00099206,0.950912476,-3.95798111,42.49703979,0.254334956,24,46.59999847
401,201,Ahrweiler,907,1998,0,0,40.56988525,37.10180664,48.31702805,45.73662567,0,0.762374759,NA,NA,0.182682306,22.66494923,41.65291671
402,201,Ahrweiler,907,2002,0,1,42.32410431,33.69788361,48.27367783,46.10829926,0,0.788597286,-3.403923035,37.10180664,0.186558157,24.10000038,35.79999924
403,202,Koblenz,907,1998,0,0,45.992939,41.95035553,44.30893707,40.18017197,0.740837574,0.990583003,NA,NA,0.286372095,24.29646276,31.83580162
404,202,Koblenz,907,2002,0,1,43.09908295,38.93663406,44.12733459,40.96075439,0.959218383,0.968595803,-3.013721466,41.95035553,0.400725156,26.20000076,24.39999962
405,203,Mosel/Rhein-HunsrŸck,907,1998,0,0,38.08548355,35.95580673,50.11273193,45.93321991,0.128541768,0.825025022,NA,NA,0.124493629,23.73160966,37.77253228
406,203,Mosel/Rhein-HunsrŸck,907,2002,0,1,34.92404556,33.24258041,48.82780838,46.49523926,0,0.845482469,-2.713226318,35.95580673,0.099759988,24.60000038,39.5
407,204,Kreuznach,907,1998,0,0,46.98100281,46.09874725,42.16368103,35.26683807,0.949346542,0.99520117,NA,NA,0.148303941,23.46964154,40.53350127
408,204,Kreuznach,907,2002,0,1,47.06105804,42.31075287,40.05295181,36.42787552,1.423327684,1.042109728,-3.787994385,46.09874725,0.148462489,25,37
409,205,Bitburg,907,1998,0,0,37.2304306,34.99893188,52.16174316,47.19012833,0,0.794310391,NA,NA,0.06929037,23.50836056,45.65869865
410,205,Bitburg,907,2002,0,1,35.6964798,32.47909927,52.27418518,48.38513947,0,0.67535305,-2.519832611,34.99893188,0.06972041,24.89999962,43.59999847
411,206,Trier,907,1998,0,0,45.24800491,42.4300766,43.5296669,39.38386917,0,0.926019728,NA,NA,0.193766654,22.25995111,34.17155065
412,206,Trier,907,2002,0,1,43.65984726,39.99594879,41.33692551,38.55861282,0.981506407,1.008999944,-2.434127808,42.4300766,0.196078748,23.29999924,31.20000076
413,207,Montabaur,907,1998,0,0,46.48039246,41.95470047,44.72681808,39.7610321,0,1.025992155,NA,NA,0.189835519,22.21368856,49.54970946
414,207,Montabaur,907,2002,0,1,38.44865417,38.25337982,45.94051743,42.17302704,1.202181816,0.927467525,-3.701320648,41.95470047,0.182985574,23.5,46.70000076
415,208,Mainz,907,1998,0,0,43.5865593,38.71899414,37.79530716,36.43081665,1.202973247,1.453251481,NA,NA,0.613159597,19.86554982,29.00593905
416,208,Mainz,907,2002,0,1,41.18287659,37.37436295,36.38898087,36.11379242,1.089449525,1.325618505,-1.344631195,38.71899414,0.61421299,21.20000076,25.89999962
417,209,Worms,907,1998,0,0,50.04789352,44.98624039,37.12450409,33.84801865,0,1.203479528,NA,NA,0.286939174,20.76936895,37.888612
418,209,Worms,907,2002,0,1,49.08464813,41.3026886,36.87191772,35.89859772,0,1.082239866,-3.683551788,44.98624039,0.29366979,21.60000038,33.79999924
419,210,Ludwigshafen/Frankenthal,907,1998,0,0,47.09370422,43.68745804,41.29328537,36.17105865,0,1.124340057,NA,NA,0.841452241,21.79348487,59.73555074
420,210,Ludwigshafen/Frankenthal,907,2002,0,1,47.2944603,41.32581711,40.87926483,37.44848251,1.167421103,1.126762152,-2.36164093,43.68745804,1.032362819,23.60000038,54.90000153
421,211,Neustadt - Speyer,907,1998,0,0,41.90116882,37.81415939,45.24959183,40.68331909,0,0.990170717,NA,NA,0.312496513,22.9544265,34.66513672
422,211,Neustadt - Speyer,907,2002,0,1,42.97440338,36.07775116,44.24158478,40.31909943,0,1.025231123,-1.736408234,37.81415939,0.323195964,24.29999924,30.5
423,212,Kaiserslautern,907,1998,0,0,52.47460556,48.38309097,35.04845047,31.80532455,0,1.043048859,NA,NA,0.220299408,22.51085142,40.86572048
424,212,Kaiserslautern,907,2002,0,1,49.87493896,44.72914505,36.55123901,33.38068008,1.677460194,1.13293767,-3.653945923,48.38309097,0.186073363,24.10000038,36.79999924
425,213,Pirmasens,907,1998,0,0,45.02865982,42.67556381,41.73398972,38.80219269,0,0.918236017,NA,NA,0.183748841,24.14356253,44.05910148
426,213,Pirmasens,907,2002,0,1,41.90040207,37.27022934,45.12915802,42.07975769,2.006109715,1.051547885,-5.405334473,42.67556381,0.175319761,25.10000038,40
427,214,SŸdpfalz,907,1998,0,0,39.82109833,38.06988144,47.10225296,39.66725922,0,0.861136496,NA,NA,0.225897476,20.45940969,45.08545023
428,214,SŸdpfalz,907,2002,0,1,40.0555687,36.23579788,43.48407745,40.90766144,1.054460287,0.9433164,-1.834083557,38.06988144,0.230133176,21.89999962,39.59999847
429,215,Altštting,909,1998,0,0,28.68237495,28.85919189,58.22449875,53.25440598,0,0.533667028,NA,NA,0.173116878,20.34473097,52.47584063
430,215,Altštting,909,2002,0,1,24.79090118,20.51753426,65.70384216,65.32347107,0.827470601,0.607616663,-8.341657639,28.85919189,0.177034825,21.79999924,47.70000076
431,216,Freising,909,1998,0,0,29.29785538,30.18178368,54.81359863,51.31442642,0.752855957,0.720905125,NA,NA,0.153813377,16.95648983,37.30289163
432,216,Freising,909,2002,0,1,22.89502525,21.71303558,62.65485764,63.34099197,0.954271972,0.686362863,-8.468748093,30.18178368,0.164832622,18,32.09999847
433,217,FŸrstenfeldbruck,909,1998,0,0,33.68068695,31.47264481,52.62782669,48.59547043,0.536148131,0.646712899,NA,NA,0.307225019,18.49838007,37.44221893
434,217,FŸrstenfeldbruck,909,2002,0,1,27.27044296,23.85689545,59.35417557,58.06546783,0.885057986,0.657051206,-7.615749359,31.47264481,0.315346926,20.5,32.70000076
435,218,Ingolstadt,909,1998,0,0,33.27477264,33.64139938,55.03696823,52.17491531,0.840667367,0.622687399,NA,NA,0.15046367,19.58833005,55.35939007
436,218,Ingolstadt,909,2002,0,1,23.74114609,25.49369431,65.32574463,62.67229843,1.090167999,0.600563049,-8.147705078,33.64139938,0.154327601,20.89999962,53.20000076
437,219,MŸnchen-Nord,909,1998,0,0,45.17135239,37.80738068,40.61333084,36.55957413,0.978095353,1.39285779,NA,NA,3.879336119,21.08909111,25.50717989
438,219,MŸnchen-Nord,909,2002,0,1,43.49272537,30.69341278,43.27220154,43.41882324,0.906164467,1.296282291,-7.113967896,37.80738068,3.232450247,22.60000038,25.60000038
439,220,MŸnchen-Ost,909,1998,0,0,40.65486145,35.5130806,44.59297943,39.9924202,0.939018905,1.183117151,NA,NA,3.891107798,21.08909069,25.50717978
440,220,MŸnchen-Ost,909,2002,0,1,37.6219368,28.92803192,45.29388428,45.9062767,0.976648808,1.15869832,-6.585048676,35.5130806,3.893231153,22.60000038,25.60000038
441,221,MŸnchen-SŸd,909,1998,0,0,42.40242386,36.04000092,40.62819672,40.14790726,0.864154398,1.235329986,NA,NA,5.395000458,21.08908982,25.50717998
442,221,MŸnchen-SŸd,909,2002,0,1,41.43695831,29.94796371,44.38248444,45.57193375,0.907610834,1.278894544,-6.092037201,36.04000092,5.256777287,22.60000038,25.60000038
443,222,MŸnchen-West/Mitte,909,1998,0,0,40.82557678,35.22954559,44.81554031,38.77690125,0.885735631,1.301589012,NA,NA,3.050361633,21.08909009,25.50717969
444,222,MŸnchen-West/Mitte,909,2002,0,1,41.0112915,29.23343468,44.32045746,43.58965302,1.041828156,1.362820148,-5.996110916,35.22954559,3.443133593,22.60000038,25.60000038
445,223,MŸnchen-Land,909,1998,0,0,34.91020966,31.179842,52.4673996,46.62810135,0.614078939,0.745597124,NA,NA,0.305247843,18.90503518,32.81814663
446,223,MŸnchen-Land,909,2002,0,1,32.07733154,24.20973015,55.60882568,55.71620941,0.693199158,0.713792324,-6.970111847,31.179842,0.308544695,21.20000076,28.10000038
447,224,Rosenheim,909,1998,0,0,27.16502762,27.07798195,55.23851013,51.73620605,0,0.499453008,NA,NA,0.18329218,20.40674059,39.20262098
448,224,Rosenheim,909,2002,0,1,22.1517334,19.64875031,63.11381531,64.68132782,0.460505247,0.570269883,-7.429231644,27.07798195,0.187404573,21.70000076,37
449,225,Starnberg,909,1998,0,0,26.24736214,26.02583694,57.04471588,52.20706558,0,0.55060035,NA,NA,0.129496083,21.66357069,38.40899023
450,225,Starnberg,909,2002,0,1,21.97653961,19.45479393,63.32266235,62.91189194,0.732742727,0.568141282,-6.571043015,26.02583694,0.132508472,23.20000076,35
451,226,Traunstein,909,1998,0,0,25.44897461,27.49558067,60.13624191,54.6675148,0,0.449724436,NA,NA,0.112286739,23.25493032,42.73597948
452,226,Traunstein,909,2002,0,1,20.01384926,18.93410683,68.97938538,67.28421021,0.526040852,0.519653201,-8.561473846,27.49558067,0.113469578,24.79999924,40.5
453,227,Weilheim,909,1998,0,0,25.62170982,27.0662365,58.04814529,53.16382217,0,0.515148997,NA,NA,0.110827163,21.01474067,39.57796982
454,227,Weilheim,909,2002,0,1,22.61818886,20.3671875,63.49448013,64.26328278,0,0.579715967,-6.699048996,27.0662365,0.113495253,22.39999962,38.5
455,228,Deggendorf,909,1998,0,0,35.15822601,34.25860977,56.17915344,51.64633942,0,0.300014019,NA,NA,0.106199585,20.32000962,51.92589079
456,228,Deggendorf,909,2002,0,1,24.05023003,19.4081459,68.91803741,70.93955994,0,0.35429129,-14.85046387,34.25860977,0.107604928,21.5,49.5
457,229,Landshut,909,1998,0,0,32.44480896,31.62157822,55.95181656,52.53446198,0,0.53243798,NA,NA,0.121059008,19.95896973,47.34762888
458,229,Landshut,909,2002,0,1,23.29756927,20.77626991,65.74282837,67.17029572,0,0.528227985,-10.8453083,31.62157822,0.124106839,21.10000038,43.5
459,230,Passau,909,1998,0,0,31.17532349,34.73009109,52.82345581,49.08759689,0,0.346965402,NA,NA,0.145513475,21.09025908,43.55257184
460,230,Passau,909,2002,0,1,20.20773888,21.69297409,64.80659485,67.47686768,0.705569506,0.432439327,-13.037117,34.73009109,0.146707535,22.5,40.59999847
461,231,Rottal-Inn,909,1998,0,0,29.49615479,29.42098999,59.34986496,56.07379532,0,0.353291512,NA,NA,0.094026387,21.25042039,64.43193357
462,231,Rottal-Inn,909,2002,0,1,17.69819832,17.85140991,73.03501892,72.82318115,0,0.383334547,-11.56958008,29.42098999,0.095711596,22.39999962,60.90000153
463,232,Straubing,909,1998,0,0,27.73121643,30.96088219,62.96982193,55.13634109,0,0.344911546,NA,NA,0.097516641,21.02316163,46.6873837
464,232,Straubing,909,2002,0,1,18.92910385,18.96097565,74.63331604,72.34034729,0,0.335168779,-11.99990654,30.96088219,0.098597191,22.29999924,43.40000153
465,233,Amberg,909,1998,0,0,35.97615433,36.3088913,52.64364624,50.74229813,0.643766224,0.516622424,NA,NA,0.102681197,20.3278009,52.00719056
466,233,Amberg,909,2002,0,1,28.62175369,25.72472763,60.43223572,63.5030098,0.702223301,0.5015769,-10.58416367,36.3088913,0.104774415,21.70000076,49.90000153
467,234,Regensburg,909,1998,0,0,34.9769516,34.3137207,52.74864578,49.31231308,0.622334898,0.677622914,NA,NA,0.200130895,20.1343986,40.07558834
468,234,Regensburg,909,2002,0,1,27.25890541,25.06620026,59.85045624,60.04413223,0.831601977,0.70075351,-9.247520447,34.3137207,0.203772798,21,38.79999924
469,235,Schwandorf,909,1998,0,0,38.6300354,38.53779984,53.77125549,49.99212265,0,0.407777399,NA,NA,0.090374433,21.0946993,53.26438195
470,235,Schwandorf,909,2002,0,1,26.85165977,24.27486229,66.89741516,67.38774109,0,0.382470965,-14.26293755,38.53779984,0.091438763,22.5,51.59999847
471,236,Weiden,909,1998,0,0,46.9889679,41.81873322,47.07621384,47.65370178,0.613598645,0.536995828,NA,NA,0.087115549,21.95425909,51.33972309
472,236,Weiden,909,2002,0,1,35.48000336,29.79460907,59.18465805,61.26686478,0,0.417826325,-12.02412415,41.81873322,0.08727593,23.29999924,48.5
473,237,Bamberg,909,1998,0,0,31.93299866,31.62539291,54.71459198,50.15962219,0,0.594396591,NA,NA,0.195940316,19.88054077,47.34981143
474,237,Bamberg,909,2002,0,1,23.49852371,23.86472321,60.70898819,60.92338562,0.657285988,0.647376597,-7.760669708,31.62539291,0.223131374,21.20000076,45.09999847
475,238,Bayreuth,909,1998,0,0,37.97528839,37.95042419,51.50284195,45.47740555,0,0.602908313,NA,NA,0.146862209,21.47341248,41.35432124
476,238,Bayreuth,909,2002,0,1,29.09767532,28.50001144,60.7368927,58.32661819,0.79877162,0.574457347,-9.45041275,37.95042419,0.127821088,23.20000076,37.09999847
477,239,Coburg,909,1998,0,0,47.83625793,45.23128128,42.70816803,42.72577667,0,0.579984546,NA,NA,0.164639801,23.39516985,60.39218085
478,239,Coburg,909,2002,0,1,44.51224136,35.98616028,48.16798401,52.34739685,0.72693032,0.713674605,-9.245121002,45.23128128,0.164082006,24.89999962,55.90000153
479,240,Hof,909,1998,0,0,49.53811264,45.66337585,42.91542053,40.57682419,0,0.766573727,NA,NA,0.162805349,26.07789011,51.71886571
480,240,Hof,909,2002,0,1,38.86822891,34.91915894,53.62260818,53.2167244,0.841165066,0.727676272,-10.74421692,45.66337585,0.160018131,27.70000076,48.79999924
481,241,Kulmbach,909,1998,0,0,40.58247757,38.76464462,50.17602921,47.80515289,0,0.503304303,NA,NA,0.12204539,22.27798523,54.81004814
482,241,Kulmbach,909,2002,0,1,28.64522552,27.63020706,62.97424316,61.15317535,0,0.583002031,-11.13443756,38.76464462,0.127637357,24.10000038,49.29999924
483,242,Ansbach,909,1998,0,0,37.28759384,37.73022079,50.35317612,46.14779663,0.752570689,0.610126436,NA,NA,0.103569716,21.29303859,52.42477052
484,242,Ansbach,909,2002,0,1,30.11039734,29.60774231,56.41044235,56.34369278,0.631893218,0.554748654,-8.122478485,37.73022079,0.104686819,22.70000076,48.5
485,243,Erlangen,909,1998,0,0,42.55264282,39.24352646,46.00613022,40.7936554,0.703161657,0.862157226,NA,NA,0.353454292,18.73690947,49.21403637
486,243,Erlangen,909,2002,0,1,39.58885193,33.23577118,49.26140594,47.92117691,0.68831706,0.788506687,-6.00775528,39.24352646,0.357562572,20.29999924,50.70000076
487,244,FŸrth,909,1998,0,0,42.13528824,41.52797318,46.87376022,41.36036682,0,0.71863085,NA,NA,0.191781148,21.00951916,42.86708705
488,244,FŸrth,909,2002,0,1,36.53627396,33.90534973,53.48080444,50.59664917,1.022456765,0.745234787,-7.622623444,41.52797318,0.195027351,22.29999924,39
489,245,NŸrnberg-Nord,909,1998,0,0,45.46106339,41.78251266,42.81264877,37.74671173,1.08973825,1.380335808,NA,NA,3.151839256,23.74468057,32.07006128
490,245,NŸrnberg-Nord,909,2002,0,1,42.35712433,37.04652023,45.7756424,42.70115662,1.146129847,1.371936083,-4.735992432,41.78251266,3.100896597,25.20000076,30.10000038
491,246,NŸrnberg-SŸd,909,1998,0,0,47.99008942,44.66211319,42.50159454,39.8985939,0.879682124,0.935986817,NA,NA,1.743472576,21.81650869,32.07005979
492,246,NŸrnberg-SŸd,909,2002,0,1,42.09170532,37.62624741,47.46319199,47.8432579,1.060886264,0.920912325,-7.035865784,44.66211319,1.730962515,23.39999962,45.5
493,247,Roth,909,1998,0,0,42.91651535,40.71471024,47.56386948,43.31660461,0,0.600351691,NA,NA,0.169044882,20.3602205,49.52629721
494,247,Roth,909,2002,0,1,35.11421967,32.3512001,55.18992996,52.55972672,0,0.643566489,-8.363510132,40.71471024,0.171341807,22.10000038,46.20000076
495,248,Aschaffenburg,909,1998,0,0,33.76524734,35.50939941,51.43334198,46.67447662,0,0.742100477,NA,NA,0.31307435,20.28120017,49.3845419
496,248,Aschaffenburg,909,2002,0,1,27.49896049,29.55952072,54.90170288,53.47724533,0.951128364,0.77784586,-5.949878693,35.50939941,0.316877425,21.79999924,43.5
497,249,Bad Kissingen,909,1998,0,0,31.91102791,30.99914742,56.54135513,52.41820908,0,0.520056903,NA,NA,0.091851592,21.52728121,48.79985045
498,249,Bad Kissingen,909,2002,0,1,25.24949074,23.41397476,63.37392426,63.82660294,0.757019639,0.551951289,-7.585172653,30.99914742,0.09230192,23.20000076,46.40000153
499,250,Main-Spessart,909,1998,0,0,39.00046539,35.72195053,53.42967987,48.11587524,0,0.48808971,NA,NA,0.127506331,20.38372926,61.71250691
500,250,Main-Spessart,909,2002,0,1,29.8248558,29.21943665,59.01886749,57.22242737,0.500944734,0.513130844,-6.502513885,35.72195053,0.128356844,22,59.40000153
501,251,Schweinfurt,909,1998,0,0,34.71788025,34.665905,51.9303627,47.95094299,0,0.514091432,NA,NA,0.165831983,21.73444884,48.31763145
502,251,Schweinfurt,909,2002,0,1,30.25621223,28.29162407,58.35059357,56.44365692,0,0.617824912,-6.37428093,34.665905,0.166694671,23.29999924,44.20000076
503,252,WŸrzburg,909,1998,0,0,37.06770706,36.00034332,46.78326797,43.5416832,0.722763896,0.656292081,NA,NA,0.269127846,20.94765976,27.62524008
504,252,WŸrzburg,909,2002,0,1,32.87539291,29.97046661,49.1934433,49.97146606,0.746318579,0.692077935,-6.029876709,36.00034332,0.272274226,22.10000038,26.10000038
505,253,Augsburg-Stadt,909,1998,0,0,38.81763458,36.82053757,47.18629456,43.49036407,0.784858108,0.902225077,NA,NA,1.681497335,24.22220981,37.28328992
506,253,Augsburg-Stadt,909,2002,0,1,29.90592194,30.78307533,53.64170837,52.78068924,0.94476074,0.852503061,-6.037462234,36.82053757,1.664614439,25.29999924,35.20000076
507,254,Augsburg-Land,909,1998,0,0,29.9805336,30.8182354,58.08322906,50.56900787,0.654906571,0.587118506,NA,NA,0.187476054,18.28373927,50.98471725
508,254,Augsburg-Land,909,2002,0,1,24.71417046,23.37746239,65.29038239,62.37633133,0.770061791,0.478906751,-7.44077301,30.8182354,0.191951066,19.89999962,48.09999847
509,255,Donau-Ries,909,1998,0,0,29.78951263,30.90771103,57.1594162,52.78214264,0,0.435268402,NA,NA,0.105211526,20.15387738,55.72723355
510,255,Donau-Ries,909,2002,0,1,23.76111984,23.29693985,64.68247223,65.46589661,0,0.395820141,-7.610771179,30.90771103,0.106480159,21.39999962,54
511,256,Neu-Ulm,909,1998,0,0,31.82975006,31.45611954,54.75802612,49.35099411,0,0.566688418,NA,NA,0.185230359,19.47244081,52.38559941
512,256,Neu-Ulm,909,2002,0,1,25.97996902,25.52210999,61.37560654,60.51763916,0.855467021,0.593562961,-5.934009552,31.45611954,0.187042326,21,48.40000153
513,257,OberallgŠu,909,1998,0,0,27.92463303,28.7917614,56.41144943,50.43328476,0,0.593203187,NA,NA,0.147667319,22.3860606,42.17861835
514,257,OberallgŠu,909,2002,0,1,22.61244392,22.8273735,64.75861359,60.78160477,0,0.603207409,-5.964387894,28.7917614,0.148803309,23.79999924,40.79999924
515,258,OstallgŠu,909,1998,0,0,28.74266243,27.576437,56.90616226,53.2780304,0,0.466318607,NA,NA,0.132543087,21.83628013,48.97573747
516,258,OstallgŠu,909,2002,0,1,21.81919289,20.26347542,64.86193848,65.50793457,0.769259572,0.578926206,-7.312961578,27.576437,0.134156123,23.10000038,46.90000153
517,259,Stuttgart I,908,1998,0,0,34.03178024,34.17449188,37.70198059,31.86774254,0.650763631,1.210405231,NA,NA,2.463859797,21.7266103,33.50241984
518,259,Stuttgart I,908,2002,0,1,41.98664856,33.80914307,37.25431061,33.93392181,0.957719028,1.430167913,-0.365348816,34.17449188,2.433147907,22.79999924,31.89999962
519,260,Stuttgart II,908,1998,0,0,43.34244919,39.02879715,37.80514526,32.51449585,0.893446267,1.205588937,NA,NA,3.657615662,21.72661058,54.97323908
520,260,Stuttgart II,908,2002,0,1,45.61398697,37.6139946,38.73382187,36.28409195,1.153334379,1.426571012,-1.414802551,39.02879715,3.662441492,22.79999924,31.89999962
521,261,Bšblingen,908,1998,0,0,38.97737885,35.08934402,43.95940781,37.70676804,0.909117997,0.885021508,NA,NA,0.584530711,18.16909913,54.9732389
522,261,Bšblingen,908,2002,0,1,35.71171951,33.09936905,46.84719849,42.05119324,0.924473464,0.818710566,-1.989974976,35.08934402,0.596762776,20,54.29999924
523,262,Esslingen,908,1998,0,0,45.87548065,37.14832687,40.234375,37.32847977,0.652546942,0.741630375,NA,NA,1.106994867,18.16910015,55.41296091
524,262,Esslingen,908,2002,0,1,41.62735748,35.46348572,44.97761536,40.77862549,0.787987113,0.840178788,-1.684841156,37.14832687,1.116331935,21.79999924,53.20000076
525,263,NŸrtingen,908,1998,0,0,35.42937851,34.58984375,42.87667847,37.248703,0.701359093,0.75169915,NA,NA,0.59764713,20.06813125,51.06536179
526,263,NŸrtingen,908,2002,0,1,37.12749863,33.09884262,45.5944252,42.39409637,0,0.724005163,-1.491001129,34.58984375,0.604495347,21.79999924,45.5
527,264,Gšppingen,908,1998,0,0,42.33699036,39.04434586,42.35840225,34.90289307,0,0.698857307,NA,NA,0.3949821,21.25482963,54.79010175
528,264,Gšppingen,908,2002,0,1,39.66387558,35.60988617,48.00156021,42.14540863,0.577149332,0.742625892,-3.434459686,39.04434586,0.395647943,22.79999924,51.70000076
529,265,Waiblingen,908,1998,0,0,39.02376175,35.42477036,42.84864807,36.01610184,0.757770717,0.850221813,NA,NA,0.591354072,20.05104065,51.85662996
530,265,Waiblingen,908,2002,0,1,42.65708923,33.07860947,45.11914444,41.59064484,0.824291527,0.825447559,-2.346160889,35.42477036,0.598540068,21.79999924,47.5
531,266,Ludwigsburg,908,1998,0,0,34.80274963,37.28697205,44.32761002,34.96556091,0.863389552,0.984841943,NA,NA,0.823101878,19.40448982,45.03331011
532,266,Ludwigsburg,908,2002,0,1,41.55524063,35.12559891,45.22454834,39.46680832,1.048634052,1.010725737,-2.161373138,37.28697205,0.83475244,21.10000038,42.40000153
533,267,Neckar-Zaber,908,1998,0,0,42.54328156,36.30059433,39.74452972,34.6580925,0.855373859,0.925631523,NA,NA,0.454851508,19.40448992,60.98382329
534,267,Neckar-Zaber,908,2002,0,1,42.67855453,34.54882813,44.51863861,40.98562622,0.833796263,0.802483857,-1.751766205,36.30059433,0.464488745,21.10000038,55.59999847
535,268,Heilbronn,908,1998,0,0,40.55039215,37.4595108,43.7503891,36.1241684,0.883028746,0.939434886,NA,NA,0.381070614,19.83790007,46.66257024
536,268,Heilbronn,908,2002,0,1,39.81079483,35.71634674,49.23010635,43.33237076,0.982775152,0.837548196,-1.743164063,37.4595108,0.387430012,21.20000076,45.90000153
537,269,SchwŠbisch Hall - Hohenlohe,908,1998,0,0,35.80898285,33.73188782,37.19299316,34.79905701,0.729146242,0.932733715,NA,NA,0.127372533,19.99708016,52.54771852
538,269,SchwŠbisch Hall - Hohenlohe,908,2002,0,1,34.72478485,31.8533802,47.30496979,43.42080307,1.107408524,0.890945435,-1.878507614,33.73188782,0.129135832,21.20000076,50
539,270,Backnang - SchwŠbisch GmŸnd,908,1998,0,0,38.53537369,36.55968475,41.83771515,36.69789124,0.825585067,0.829987764,NA,NA,0.28766793,20.92729961,57.28133112
540,270,Backnang - SchwŠbisch GmŸnd,908,2002,0,1,38.44112015,33.73635864,47.71432495,44.23204803,0.978056073,0.785824478,-2.823326111,36.55968475,0.289993614,22.29999924,52.40000153
541,271,Aalen - Heidenheim,908,1998,0,0,40.15191269,39.26000595,44.21679306,38.20968628,0,0.668788731,NA,NA,0.185626239,20.92729876,61.0494133
542,271,Aalen - Heidenheim,908,2002,0,1,38.5319519,35.58166504,49.27898788,46.31656265,0,0.641474187,-3.678340912,39.26000595,0.18569921,22.29999924,57.40000153
543,272,Karlsruhe-Stadt,908,1998,0,0,39.84569168,38.89164352,32.71583557,33.28627396,1.131227493,1.580366492,NA,NA,1.426694155,23.01914922,27.74613944
544,272,Karlsruhe-Stadt,908,2002,0,1,39.99095154,37.18372726,35.08333588,35.41272736,1.317748666,1.557086587,-1.70791626,38.89164352,1.557381034,24,24.29999924
545,273,Karlsruhe-Land,908,1998,0,0,40.12208939,37.16628647,44.82346344,39.14686584,0.657688856,0.918440998,NA,NA,0.402782321,20.79703746,45.21722068
546,273,Karlsruhe-Land,908,2002,0,1,38.96160889,35.335495,46.98509216,43.30220413,0,0.756631911,-1.830791473,37.16628647,0.377735913,21.60000038,43
547,274,Rastatt,908,1998,0,0,36.79685593,35.22517014,49.60272598,43.07966614,0,0.89362514,NA,NA,0.326006472,22.82585778,51.66457948
548,274,Rastatt,908,2002,0,1,35.41888428,33.76618576,51.04361343,46.30221176,0.938937724,0.791512132,-1.458984375,35.22517014,0.310380459,24.5,52.20000076
549,275,Heidelberg,908,1998,0,0,45.61045837,36.86233521,39.87184143,34.58118057,0.940962017,1.335031509,NA,NA,0.986780405,21.01709874,36.64993682
550,275,Heidelberg,908,2002,0,1,42.90349579,34.72451401,38.13069916,35.66606903,0.946665168,1.348305464,-2.137821198,36.86233521,0.947434783,20.20000076,29.60000038
551,276,Mannheim,908,1998,0,0,48.53530884,43.94878006,38.32104111,32.97390747,1.147847891,1.482151031,NA,NA,1.823964357,21.99183036,40.87873266
552,276,Mannheim,908,2002,0,1,48.53924179,41.29039001,38.5463829,34.42074585,1.770698667,1.625748754,-2.658390045,43.94878006,2.104572058,23.20000076,34.79999924
553,277,Odenwald - Tauber,908,1998,0,0,35.51472092,33.08590698,49.94026184,45.76607132,0,0.798391581,NA,NA,0.116044633,21.30779161,51.79040031
554,277,Odenwald - Tauber,908,2002,0,1,34.37492371,29.92864227,53.31627274,51.6228981,0,0.68889308,-3.157264709,33.08590698,0.116468012,22.70000076,50.79999924
555,278,Rhein-Neckar,908,1998,0,0,41.90949249,37.26124191,44.23725891,39.29069519,0,0.915027618,NA,NA,0.347486675,20.50769918,48.05616024
556,278,Rhein-Neckar,908,2002,0,1,40.47129822,34.50852966,46.49681473,43.17643356,0.958312094,0.943838418,-2.75271225,37.26124191,0.353276283,22.10000038,43
557,279,Bruchsal - Schwetzingen,908,1998,0,0,39.90581512,37.57350922,46.03573227,41.28941727,0.862700105,0.961702883,NA,NA,0.532878101,19.8244632,37.95169198
558,279,Bruchsal - Schwetzingen,908,2002,0,1,39.62889481,35.10152435,48.08011627,44.73741531,1.187212706,0.803982913,-2.471984863,37.57350922,0.500814855,21.60000038,43.59999847
559,280,Pforzheim,908,1998,0,0,43.89286041,37.46845245,40.35001755,36.72394562,0.898973525,1.022254467,NA,NA,0.449489057,21.08119862,55.12274208
560,280,Pforzheim,908,2002,0,1,42.24595261,34.49959183,45.43951797,43.5472374,0.958595216,0.837323368,-2.968860626,37.46845245,0.460308522,22.60000038,52.79999924
561,281,Calw,908,1998,0,0,34.97917938,32.07545853,47.55912399,40.9188118,0.734922111,0.87552166,NA,NA,0.165961176,20.19997071,47.6211099
562,281,Calw,908,2002,0,1,32.82840347,29.32202148,49.33752441,48.36754608,0.9290874,0.80619055,-2.753437042,32.07545853,0.167674512,21.79999924,45
563,282,Freiburg,908,1998,0,0,42.34272003,33.94287109,36.53731537,30.70825386,0,1.547916055,NA,NA,0.43477121,19.5923508,28.10725853
564,282,Freiburg,908,2002,0,1,48.32457733,33.44387436,31.88276672,30.45249939,1.290973067,1.712352037,-0.498996735,33.94287109,0.616464794,20.10000038,25.39999962
565,283,Lšrrach - MŸllheim,908,1998,0,0,44.95679855,39.00667953,39.34713364,35.01781082,0,1.033643961,NA,NA,0.25191164,20.92251977,49.10710091
566,283,Lšrrach - MŸllheim,908,2002,0,1,45.4335289,38.71833801,39.97842026,36.09093475,1.496863961,1.145837665,-0.288341522,39.00667953,0.256464809,21.79999924,47
567,284,Emmendingen - Lahr,908,1998,0,0,41.81749344,38.01177979,41.39777756,37.92004013,0,0.899709582,NA,NA,0.20047161,19.70089856,53.50051039
568,284,Emmendingen - Lahr,908,2002,0,1,41.89486694,36.19550323,45.46753311,40.86951065,0,0.85523659,-1.81627655,38.01177979,0.226147592,21.29999924,51.59999847
569,285,Offenburg,908,1998,0,0,33.16160965,34.70879364,52.63040161,42.87240982,1.138110876,1.023893118,NA,NA,0.239471465,20.90564844,45.26337815
570,285,Offenburg,908,2002,0,1,33.25010681,32.50901031,52.93375778,45.9251709,0.839896679,0.793572903,-2.199783325,34.70879364,0.242364064,22.39999962,42
571,286,Rottweil - Tuttlingen,908,1998,0,0,35.23316193,33.19973373,46.52324677,42.52419281,1.004886746,1.071990132,NA,NA,0.179678053,21.04101903,62.61518684
572,286,Rottweil - Tuttlingen,908,2002,0,1,31.69598007,29.27814674,52.62847519,50.64169693,1.198680043,0.741088629,-3.92158699,33.19973373,0.181514472,22.5,60.90000153
573,287,Schwarzwald-Baar,908,1998,0,0,36.84820938,35.69581985,45.05093002,40.43994141,0.976171732,1.139163971,NA,NA,0.204012707,21.91179732,53.32667685
574,287,Schwarzwald-Baar,908,2002,0,1,34.03595734,32.09470367,49.71656036,46.54027176,0,0.809135914,-3.60111618,35.69581985,0.183408141,24.10000038,50
575,288,Konstanz,908,1998,0,0,33.87563324,36.02598572,44.18834686,36.75183105,1.066762447,1.054057479,NA,NA,0.296112657,21.37253939,44.96763849
576,288,Konstanz,908,2002,0,1,32.08385849,33.78846359,44.13022232,39.92402649,1.531334639,1.100756407,-2.237522125,36.02598572,0.300748378,22.79999924,39.59999847
577,289,Waldshut,908,1998,0,0,37.01555252,33.49311829,45.27728271,39.85663223,0,0.919376135,NA,NA,0.170674354,20.29035391,40.70870124
578,289,Waldshut,908,2002,0,1,37.08671188,33.30514908,45.90330124,43.1364975,1.03620851,0.875338912,-0.187969208,33.49311829,0.129138336,22.39999962,45.29999924
579,290,Reutlingen,908,1998,0,0,35.95543289,34.37372589,42.02920914,38.09251022,0.936646581,0.902777791,NA,NA,0.249331132,20.36401111,51.23023637
580,290,Reutlingen,908,2002,0,1,34.73221207,33.01725769,45.20443344,43.84872055,1.109279513,0.861615419,-1.356468201,34.37372589,0.25213778,21.89999962,48.40000153
581,291,TŸbingen,908,1998,0,0,47.21328354,33.41484833,38.02086258,32.87518311,0.78649503,1.208182931,NA,NA,0.321400613,16.27635083,39.35604145
582,291,TŸbingen,908,2002,0,1,40.39188766,32.76087952,43.3928566,39.34661102,1.237187028,1.444550514,-0.653968811,33.41484833,0.324926436,17.60000038,37.40000153
583,292,Ulm,908,1998,0,0,35.82553864,33.69382858,46.64871597,40.16390228,0,0.827745318,NA,NA,0.20192036,19.7195486,45.71868038
584,292,Ulm,908,2002,0,1,33.9908905,31.40323448,51.65724182,46.49832153,1.05941987,0.889111578,-2.290594101,33.69382858,0.204112068,21,40.29999924
585,293,Biberach,908,1998,0,0,25.45441437,26.37247467,48.50592804,45.45687866,0,0.609058917,NA,NA,0.126340628,19.03570976,55.43476589
586,293,Biberach,908,2002,0,1,26.09889793,24.27787018,57.71702957,54.17394638,0.817300081,0.621151924,-2.094604492,26.37247467,0.128470555,20.60000038,51.70000076
587,294,Ravensburg - Bodensee,908,1998,0,0,33.7563858,31.83525276,45.94044876,40.85988998,0.80444479,0.842299521,NA,NA,0.256893545,19.7369696,48.78781554
588,294,Ravensburg - Bodensee,908,2002,0,1,31.39468765,29.49350739,50.50074005,46.80031967,0.83017081,0.798670828,-2.341745377,31.83525276,0.281402051,22.10000038,45.20000076
589,295,Zollernalb - Sigmaringen,908,1998,0,0,32.49171448,31.39387131,49.80838776,42.47221756,0.781856477,0.755635023,NA,NA,0.15602231,20.29020145,56.03924733
590,295,Zollernalb - Sigmaringen,908,2002,0,1,29.0358963,27.70592499,54.85708237,52.80793762,0.68036902,0.667954862,-3.68794632,31.39387131,0.145154044,22.10000038,53.29999924
591,296,SaarbrŸcken,910,1998,0,0,57.02815247,51.91347504,32.16427994,28.37458611,0.594716191,1.364046097,NA,NA,0.9001984,23.78104983,33.7761858
592,296,SaarbrŸcken,910,2002,0,1,51.77957535,45.94537735,34.06717682,31.30664253,1.541695476,1.937926769,-5.968097687,51.91347504,0.863517702,25.29999924,28.79999924
593,297,Saarlouis,910,1998,0,0,55.71739578,52.37406921,36.62156677,33.36882401,0,0.847901762,NA,NA,0.309976518,22.69614421,51.240284
594,297,Saarlouis,910,2002,0,1,50.59552765,45.52051163,39.20278549,36.45913696,1.109762907,1.199395061,-6.853557587,52.37406921,0.309935898,24.39999962,48.79999924
595,298,Sankt Wendel,910,1998,0,0,53.15444565,51.97356415,39.24894333,35.36724472,0.717131972,0.816582143,NA,NA,0.315369278,23.5341546,44.36321431
596,298,Sankt Wendel,910,2002,0,1,47.87349319,45.81563187,40.87666702,38.32771301,0.866293073,1.120073199,-6.157932281,51.97356415,0.300477803,25.29999924,37
597,299,Homburg,910,1998,0,0,55.62981796,53.4741745,33.59257507,30.4271965,0.71522814,1.077924967,NA,NA,0.468355149,23.74562164,50.03509736
598,299,Homburg,910,2002,0,1,50.40140915,46.5835495,35.60155487,33.91676331,1.045530438,1.334914565,-6.890625,53.4741745,0.488890558,25.5,47.5
