"","nr","formulario","time","pidstr","frm2","frm3","frm4","age","female","income","educgrp","cordoba","info","pid","polar","mandate"
"1",1,3,1,NA,0,1,0,32,0,10,3,1,2,0,7,2
"2",2,4,1,NA,0,0,1,26,0,3,3,1,0,0,6,5
"3",3,1,1,3,0,0,0,34,0,5,3,1,2,1,5,4
"4",4,2,1,NA,1,0,0,30,0,5,3,1,0,0,4,5
"5",5,3,1,NA,0,1,0,22,0,8,3,1,0,0,NA,2
"6",6,4,2,NA,0,0,1,27,0,NA,3,1,1,0,NA,4
"7",7,1,2,8,0,0,0,72,1,4,3,1,1,1,8,1
"8",8,1,2,NA,0,0,0,27,0,5,4,1,1,0,NA,4
"9",9,2,2,10,1,0,0,24,1,10,4,1,2,1,7,2
"10",10,2,1,9,1,0,0,27,0,9,4,1,2,1,9,4
"11",11,2,1,NA,1,0,0,30,1,3,3,1,0,0,NA,1
"12",12,1,1,8,0,0,0,41,0,3,3,1,2,1,10,1
"13",13,1,1,NA,0,0,0,27,1,4,3,1,0,0,6,1
"14",14,4,2,7,0,0,1,50,0,4,3,1,2,1,5,4
"15",15,3,1,NA,0,1,0,43,0,5,4,1,2,0,0,3
"16",16,3,1,NA,0,1,0,55,1,6,4,1,2,0,5,1
"17",17,1,1,NA,0,0,0,55,1,10,3,1,1,0,10,3
"18",18,3,1,NA,0,1,0,41,1,3,2,1,1,0,10,2
"19",19,2,2,9,1,0,0,40,1,6,4,1,1,1,8,1
"20",20,4,2,8,0,0,1,29,0,3,2,1,1,1,9,1
"21",21,4,1,8,0,0,1,48,1,4,2,1,1,1,8,1
"22",22,3,1,9,0,1,0,69,1,NA,4,1,1,1,6,2
"23",23,3,2,NA,0,1,0,25,1,NA,3,1,1,0,NA,4
"24",24,2,1,NA,1,0,0,22,1,3,3,1,2,0,9,1
"25",25,1,1,NA,0,0,0,41,1,3,4,1,1,0,2,3
"26",26,1,1,NA,0,0,0,39,0,4,3,1,2,0,9,1
"27",27,4,2,5,0,0,1,22,1,4,3,1,2,1,10,3
"28",28,2,1,NA,1,0,0,22,0,5,3,1,1,0,NA,1
"29",29,1,1,NA,0,0,0,21,0,4,2,1,0,0,NA,2
"30",30,2,1,6,1,0,0,31,0,6,3,1,1,1,8,4
"31",31,2,2,9,1,0,0,37,1,3,2,1,1,1,NA,1
"32",32,1,2,NA,0,0,0,64,0,5,4,1,2,0,4,4
"33",33,3,1,7,0,1,0,61,0,7,4,1,0,1,5,1
"34",34,2,2,4,1,0,0,46,0,3,3,1,2,1,8,2
"35",35,4,1,NA,0,0,1,109,0,5,4,1,1,0,7,1
"36",36,1,1,NA,0,0,0,24,1,3,3,1,0,0,0,1
"37",37,3,1,NA,0,1,0,31,1,3,2,1,1,0,NA,2
"38",38,2,1,NA,1,0,0,68,1,3,2,1,0,1,NA,1
"39",39,4,1,5,0,0,1,21,0,5,2,1,0,1,4,4
"40",40,1,1,9,0,0,0,74,1,NA,2,1,1,1,NA,1
"41",41,4,1,5,0,0,1,41,1,8,3,1,2,1,4,2
"42",42,4,1,NA,0,0,1,84,1,5,1,1,0,0,4,4
"43",43,3,2,NA,0,1,0,34,0,8,3,1,1,0,4,2
"44",44,2,3,10,1,0,0,37,1,8,3,1,2,1,9,2
"45",45,4,3,NA,0,0,1,25,1,3,2,1,1,0,NA,2
"46",46,1,1,NA,0,0,0,41,1,10,4,1,2,0,6,2
"47",47,2,2,10,1,0,0,18,1,NA,3,1,2,1,6,2
"48",48,1,2,7,0,0,0,49,1,NA,3,1,2,1,7,2
"49",49,3,2,NA,0,1,0,42,0,7,4,1,2,0,NA,2
"50",50,4,3,NA,0,0,1,27,1,4,4,1,1,0,NA,1
"51",51,1,3,NA,0,0,0,55,1,6,2,1,1,0,6,1
"52",52,4,1,NA,0,0,1,22,1,5,2,1,0,0,3,2
"53",53,2,1,NA,1,0,0,34,0,NA,3,1,1,0,7,1
"54",54,2,2,NA,1,0,0,38,1,NA,3,1,1,0,5,3
"55",55,2,2,10,1,0,0,58,0,NA,2,1,1,1,9,1
"56",56,1,2,NA,0,0,0,52,1,6,2,1,0,0,1,4
"57",57,3,2,NA,0,1,0,33,0,5,4,1,1,0,5,1
"58",58,4,1,5,0,0,1,46,0,10,4,1,2,1,5,1
"59",59,1,2,NA,0,0,0,33,1,5,4,1,2,0,4,1
"60",60,3,3,NA,0,1,0,46,1,NA,2,1,0,0,NA,2
"61",61,3,2,NA,0,1,0,22,1,8,3,1,0,0,6,1
"62",62,4,2,NA,0,0,1,76,0,5,2,1,1,0,6,4
"63",63,1,3,NA,0,0,0,77,1,NA,3,1,1,0,5,4
"64",64,4,2,NA,0,0,1,56,0,4,2,1,1,0,7,1
"65",65,4,2,NA,0,0,1,33,1,5,3,1,1,0,NA,3
"66",66,3,3,NA,0,1,0,71,0,NA,1,1,2,0,7,1
"67",67,2,1,NA,1,0,0,39,0,NA,3,1,1,0,5,2
"68",68,1,2,NA,0,0,0,18,0,NA,2,1,0,0,NA,1
"69",69,3,2,NA,0,1,0,33,1,5,4,1,1,0,6,NA
"70",70,2,2,NA,1,0,0,33,1,6,2,1,2,0,6,2
"71",71,3,1,NA,0,1,0,39,0,8,4,1,2,0,2,NA
"72",72,1,1,NA,0,0,0,20,1,5,3,1,1,0,NA,1
"73",73,4,2,3,0,0,1,22,1,5,3,1,0,1,NA,1
"74",74,4,2,NA,0,0,1,61,1,3,2,1,1,0,NA,1
"75",75,2,1,NA,1,0,0,41,1,NA,4,1,2,0,4,2
"76",76,3,3,2,0,1,0,25,1,5,3,1,1,1,4,2
"77",77,2,1,NA,1,0,0,56,1,3,2,1,1,0,NA,1
"78",78,1,2,7,0,0,0,43,0,3,3,1,2,1,9,4
"79",79,1,1,10,0,0,0,69,0,3,2,1,1,1,NA,1
"80",80,2,1,NA,1,0,0,40,1,5,3,1,0,0,NA,1
"81",81,3,1,NA,0,1,0,60,0,NA,4,1,1,0,3,2
"82",82,4,1,NA,0,0,1,45,0,10,3,1,1,0,6,5
"83",83,1,1,NA,0,0,0,45,1,2,2,1,0,0,2,1
"84",84,2,1,9,1,0,0,33,0,NA,3,1,2,1,7,1
"85",85,4,1,NA,0,0,1,68,1,3,2,1,1,0,NA,3
"86",86,1,1,8,0,0,0,35,1,4,4,1,2,1,7,5
"87",87,3,1,NA,0,1,0,78,0,4,3,1,0,0,6,1
"88",88,2,1,NA,1,0,0,34,0,3,4,1,1,0,7,1
"89",89,3,1,NA,0,1,0,36,0,NA,2,1,1,0,7,1
"90",90,4,1,NA,0,0,1,25,0,6,3,1,1,0,NA,1
"91",91,1,2,NA,0,0,0,69,0,5,2,1,1,0,6,1
"92",92,2,1,NA,1,0,0,29,0,NA,3,1,1,0,NA,1
"93",93,3,1,NA,0,1,0,45,0,3,2,1,0,0,6,1
"94",94,2,1,NA,1,0,0,42,1,4,3,1,1,0,7,1
"95",95,4,1,NA,0,0,1,63,0,2,2,1,0,0,3,1
"96",96,3,1,NA,0,1,0,29,1,3,3,1,0,0,NA,2
"97",97,1,1,NA,0,0,0,25,1,2,2,1,0,0,5,1
"98",98,2,2,10,1,0,0,63,1,3,2,1,2,1,10,3
"99",99,4,1,10,0,0,1,51,1,5,1,1,0,1,9,1
"100",100,1,1,NA,0,0,0,18,1,4,2,1,1,0,7,5
"101",101,3,2,4,0,1,0,61,1,5,4,1,1,1,0,4
"102",102,1,1,NA,0,0,0,63,1,3,2,1,1,0,NA,1
"103",103,3,1,NA,0,1,0,18,0,5,3,1,2,0,5,2
"104",104,3,1,NA,0,1,0,73,0,3,2,1,1,0,NA,1
"105",105,2,1,NA,1,0,0,65,1,NA,2,1,1,0,NA,1
"106",106,1,1,NA,0,0,0,32,1,5,2,1,0,0,5,2
"107",107,2,1,NA,1,0,0,74,1,NA,1,1,0,0,NA,1
"108",108,4,2,NA,0,0,1,31,1,5,3,1,0,0,4,1
"109",109,4,1,5,0,0,1,78,0,3,1,1,1,1,NA,1
"110",110,4,2,NA,0,0,1,61,1,NA,2,1,0,0,NA,1
"111",111,1,2,NA,0,0,0,38,0,4,2,1,2,0,5,1
"112",112,2,3,10,1,0,0,54,1,6,4,1,2,1,NA,3
"113",113,2,1,9,1,0,0,66,1,3,1,1,1,1,NA,1
"114",114,3,1,6,0,1,0,45,0,5,2,1,1,1,7,2
"115",115,3,2,6,0,1,0,80,1,NA,2,1,1,1,NA,1
"116",116,1,1,10,0,0,0,48,1,5,3,1,2,1,10,3
"117",117,4,1,7,0,0,1,19,1,3,2,1,1,1,7,1
"118",118,1,2,7,0,0,0,23,1,4,3,1,2,1,NA,1
"119",119,4,1,NA,0,0,1,37,1,2,2,1,0,0,7,3
"120",120,2,1,NA,1,0,0,24,1,6,4,1,1,0,7,3
"121",121,3,1,8,0,1,0,66,1,3,3,1,1,1,9,1
"122",122,4,3,7,0,0,1,56,1,1,3,1,1,1,10,1
"123",123,1,1,10,0,0,0,49,1,7,3,1,2,1,10,1
"124",124,2,1,NA,1,0,0,26,1,5,4,1,0,0,NA,1
"125",125,4,1,NA,0,0,1,38,0,3,2,1,0,0,5,1
"126",126,2,1,NA,1,0,0,39,0,4,2,1,0,0,NA,4
"127",127,3,1,10,0,1,0,72,1,4,2,1,1,1,10,1
"128",128,3,2,NA,0,1,0,50,1,NA,2,1,0,0,NA,3
"129",129,1,1,NA,0,0,0,38,1,3,2,1,1,0,6,1
"130",130,4,3,NA,0,0,1,45,1,NA,2,1,0,0,NA,1
"131",131,3,1,NA,0,1,0,19,1,NA,2,1,2,0,NA,1
"132",132,4,1,8,0,0,1,51,0,4,2,1,1,1,7,3
"133",133,1,2,NA,0,0,0,47,1,NA,1,1,0,0,NA,2
"134",134,2,2,9,1,0,0,52,0,NA,2,1,1,1,NA,2
"135",135,3,2,NA,0,1,0,32,1,4,2,1,2,0,NA,1
"136",136,4,1,10,0,0,1,41,0,2,1,1,0,1,NA,1
"137",137,1,1,9,0,0,0,70,1,NA,2,1,1,1,NA,1
"138",138,2,2,NA,1,0,0,44,1,5,2,1,1,0,NA,1
"139",139,3,1,NA,0,1,0,20,0,NA,2,1,0,0,NA,1
"140",140,4,2,NA,0,0,1,47,1,5,2,1,1,0,NA,1
"141",141,1,1,NA,0,0,0,57,1,NA,3,1,1,0,NA,3
"142",142,1,3,NA,0,0,0,55,1,NA,2,1,1,0,4,1
"143",143,4,2,NA,0,0,1,72,1,NA,2,1,1,0,7,1
"144",144,2,2,NA,1,0,0,31,1,5,3,1,1,0,6,1
"145",145,1,3,NA,0,0,0,26,1,6,3,1,1,0,6,1
"146",146,2,1,3,1,0,0,65,1,NA,3,1,1,1,5,1
"147",147,2,3,7,1,0,0,19,1,NA,4,1,0,1,6,1
"148",148,3,2,NA,0,1,0,51,0,5,2,1,1,0,2,1
"149",149,3,3,NA,0,1,0,44,0,NA,4,1,1,0,4,1
"150",150,4,1,NA,0,0,1,NA,1,NA,2,1,2,0,NA,1
"151",151,3,3,8,0,1,0,74,1,4,3,1,1,1,3,2
"152",152,4,3,NA,0,0,1,25,1,7,3,1,2,0,4,1
"153",153,1,2,NA,0,0,0,37,0,6,2,1,1,0,NA,2
"154",154,3,3,5,0,1,0,NA,1,8,3,1,1,1,NA,4
"155",155,3,2,NA,0,1,0,38,0,NA,3,1,1,0,NA,4
"156",156,2,1,8,1,0,0,36,0,3,2,1,1,1,NA,1
"157",157,4,2,NA,0,0,1,37,1,7,4,1,0,1,NA,2
"158",158,4,3,10,0,0,1,29,1,8,4,1,1,1,7,3
"159",159,1,2,6,0,0,0,38,0,5,2,1,2,1,8,4
"160",160,2,2,4,1,0,0,38,0,6,4,1,1,1,6,1
"161",161,4,2,6,0,0,1,37,0,NA,4,1,1,1,4,2
"162",162,3,2,NA,0,1,0,38,0,6,2,1,1,0,5,1
"163",163,3,2,NA,0,1,0,43,0,NA,4,1,1,0,2,2
"164",164,4,2,NA,0,0,1,61,0,NA,4,1,2,0,7,1
"165",165,3,2,NA,0,1,0,65,1,NA,2,1,1,0,6,2
"166",166,1,2,NA,0,0,0,46,0,6,2,1,1,0,NA,1
"167",167,4,2,NA,0,0,1,54,1,NA,4,1,2,0,6,2
"168",168,2,2,NA,1,0,0,37,1,NA,3,1,1,0,5,1
"169",169,3,2,NA,0,1,0,39,1,NA,2,1,2,0,5,3
"170",170,1,2,NA,0,0,0,48,1,7,2,1,1,0,6,1
"171",171,1,1,8,0,0,0,62,1,2,2,1,0,1,6,3
"172",172,2,2,10,1,0,0,21,1,6,3,1,2,1,7,2
"173",173,3,1,5,0,1,0,44,0,4,3,1,2,1,5,1
"174",174,4,2,4,0,0,1,20,1,2,2,1,0,1,NA,NA
"175",175,2,1,NA,1,0,0,30,0,3,1,1,0,0,9,1
"176",176,3,1,NA,0,1,0,24,1,3,3,1,0,0,NA,2
"177",177,1,1,NA,0,0,0,37,1,4,3,1,1,0,3,2
"178",178,1,1,NA,0,0,0,34,0,4,4,1,1,0,NA,1
"179",179,4,2,8,0,0,1,58,0,7,4,1,1,1,NA,1
"180",180,2,1,7,1,0,0,46,1,9,3,1,1,1,2,1
"181",181,3,3,NA,0,1,0,28,1,5,3,1,0,0,NA,1
"182",182,1,1,NA,0,0,0,62,0,NA,4,1,1,0,NA,1
"183",183,4,2,NA,0,0,1,29,0,NA,4,1,1,0,NA,1
"184",184,2,2,9,1,0,0,74,1,3,1,1,1,1,NA,1
"185",185,1,3,NA,0,0,0,65,1,4,1,1,0,0,NA,1
"186",186,3,3,NA,0,1,0,55,0,NA,3,1,1,0,NA,1
"187",187,4,3,7,0,0,1,56,0,3,4,1,1,1,NA,1
"188",188,1,3,7,0,0,0,60,0,NA,2,1,1,1,NA,4
"189",189,2,3,7,1,0,0,45,0,4,2,1,0,1,NA,4
"190",190,2,3,10,1,0,0,60,1,2,2,1,1,1,NA,1
"191",191,1,1,10,0,0,0,25,0,4,2,1,1,1,10,1
"192",192,2,2,10,1,0,0,21,0,5,3,1,1,1,6,4
"193",193,3,1,NA,0,1,0,25,0,3,2,1,2,0,6,1
"194",194,4,3,NA,0,0,1,47,1,4,2,1,0,0,9,1
"195",195,1,1,NA,0,0,0,52,1,4,2,1,1,0,2,1
"196",196,3,2,NA,0,1,0,19,0,7,3,1,2,0,8,2
"197",197,2,1,7,1,0,0,30,1,2,2,1,0,1,10,1
"198",198,2,1,10,1,0,0,23,1,5,3,1,0,1,NA,1
"199",199,4,1,NA,0,0,1,37,1,5,3,1,1,0,6,1
"200",200,1,1,NA,0,0,0,21,1,4,2,1,1,0,NA,4
"201",201,3,1,NA,0,1,0,20,1,NA,3,1,0,0,NA,1
"202",202,2,3,NA,1,0,0,33,0,10,3,1,1,0,10,1
"203",203,4,2,NA,0,0,1,78,1,2,1,1,1,0,NA,1
"204",204,2,2,NA,1,0,0,25,0,4,2,1,0,1,NA,1
"205",205,3,2,NA,0,1,0,49,1,NA,3,1,0,0,9,4
"206",206,1,1,NA,0,0,0,25,1,4,2,1,0,0,NA,1
"207",207,1,1,NA,0,0,0,39,0,NA,3,1,1,0,3,1
"208",208,4,3,10,0,0,1,42,1,NA,2,1,2,1,NA,1
"209",209,1,1,NA,0,0,0,28,1,2,2,1,0,0,NA,1
"210",210,2,2,NA,1,0,0,26,1,5,3,1,1,0,NA,1
"211",211,2,2,7,1,0,0,42,0,6,2,1,0,1,9,3
"212",212,3,3,NA,0,1,0,70,1,NA,2,1,1,0,NA,1
"213",213,4,2,NA,0,0,1,19,1,NA,3,1,1,0,NA,2
"214",214,2,2,NA,1,0,0,57,1,NA,2,1,1,0,10,1
"215",215,4,2,NA,0,0,1,38,1,NA,3,1,1,1,NA,1
"216",216,1,3,NA,0,0,0,38,1,NA,2,1,1,0,3,2
"217",217,2,2,NA,1,0,0,27,1,7,2,1,1,0,NA,4
"218",218,1,2,NA,0,0,0,57,1,NA,1,1,1,0,5,1
"219",219,2,2,NA,1,0,0,38,1,NA,4,1,2,0,2,4
"220",220,2,2,NA,1,0,0,47,0,8,3,1,2,0,9,1
"221",221,3,2,NA,0,1,0,55,1,5,3,1,2,0,NA,1
"222",222,4,2,NA,0,0,1,33,0,7,4,1,2,0,NA,1
"223",223,1,2,NA,0,0,0,56,0,NA,2,1,1,0,5,2
"224",224,2,2,NA,1,0,0,37,1,NA,2,1,1,0,7,1
"225",225,2,2,NA,1,0,0,50,1,NA,2,1,0,0,0,3
"226",226,3,3,NA,0,1,0,18,1,NA,3,1,0,0,3,2
"227",227,2,2,NA,1,0,0,22,0,NA,3,1,0,0,6,1
"228",228,4,3,7,0,0,1,28,1,6,4,1,1,1,6,4
"229",229,1,1,3,0,0,0,45,1,5,2,1,1,1,6,1
"230",230,1,1,NA,0,0,0,19,1,5,4,1,0,0,NA,4
"231",231,1,2,4,0,0,0,74,0,2,2,1,1,1,6,2
"232",232,2,2,NA,1,0,0,27,0,5,2,1,1,0,6,1
"233",233,3,1,NA,0,1,0,68,0,3,1,1,1,0,10,1
"234",234,4,1,NA,0,0,1,57,0,NA,3,1,2,0,4,4
"235",235,3,1,NA,0,1,0,30,0,8,3,1,0,0,4,1
"236",236,4,1,10,0,0,1,32,0,4,3,1,1,1,5,1
"237",237,1,1,10,0,0,0,63,1,NA,NA,1,1,1,10,3
"238",238,2,1,NA,1,0,0,32,1,NA,3,1,1,0,3,1
"239",239,4,2,NA,0,0,1,33,0,3,NA,1,0,0,6,2
"240",240,3,1,7,0,1,0,62,0,4,2,1,2,1,10,5
"241",241,1,2,NA,0,0,0,51,1,3,2,1,0,0,NA,2
"242",242,2,3,7,1,0,0,27,1,5,3,1,2,1,NA,1
"243",243,2,3,NA,1,0,0,25,1,4,4,1,1,0,8,1
"244",244,3,3,NA,0,1,0,53,1,NA,2,1,1,0,NA,1
"245",245,3,2,5,0,1,0,62,1,4,2,1,0,1,NA,4
"246",246,4,3,NA,0,0,1,43,1,2,2,1,1,0,NA,1
"247",247,4,3,5,0,0,1,109,1,4,2,1,0,1,NA,4
"248",248,3,1,6,0,1,0,65,1,3,2,1,1,1,NA,1
"249",249,1,3,3,0,0,0,55,1,2,1,1,1,1,NA,2
"250",250,4,3,10,0,0,1,35,1,4,2,1,1,1,NA,1
"251",251,3,2,NA,0,1,0,22,1,3,2,1,1,0,NA,1
"252",252,4,1,NA,0,0,1,47,1,3,2,1,0,0,NA,1
"253",253,1,1,NA,0,0,0,20,0,1,3,1,1,0,2,4
"254",254,1,1,NA,0,0,0,38,1,3,1,1,0,0,7,2
"255",255,2,1,NA,1,0,0,43,1,2,1,1,0,0,0,1
"256",256,4,1,8,0,0,1,57,0,5,1,1,1,1,4,2
"257",257,3,1,NA,0,1,0,57,1,5,2,1,1,0,0,1
"258",258,3,1,NA,0,1,0,45,0,4,2,1,1,0,NA,1
"259",259,4,1,NA,0,0,1,26,0,5,2,1,2,0,5,1
"260",260,2,1,6,1,0,0,25,0,3,3,1,1,1,8,1
"261",261,1,2,NA,0,0,0,109,1,3,2,1,1,0,NA,1
"262",262,1,1,NA,0,0,0,66,0,2,2,1,2,0,10,1
"263",263,3,2,NA,0,1,0,48,1,5,4,1,1,0,5,1
"264",264,1,1,5,0,0,0,36,1,5,3,1,0,1,5,1
"265",265,2,1,NA,1,0,0,55,1,5,2,1,1,0,NA,1
"266",266,4,2,9,0,0,1,64,1,10,2,1,0,1,0,1
"267",267,3,1,NA,0,1,0,23,0,9,3,1,1,0,2,2
"268",268,2,1,NA,1,0,0,27,1,8,3,1,2,0,3,2
"269",269,2,2,NA,1,0,0,45,1,4,2,1,0,0,NA,1
"270",270,4,2,10,0,0,1,54,0,3,2,1,0,1,6,2
"271",271,3,1,NA,0,1,0,33,1,NA,2,1,0,0,NA,1
"272",272,2,1,6,1,0,0,25,1,5,2,1,1,1,NA,2
"273",273,4,1,NA,0,0,1,48,0,NA,2,1,1,0,8,1
"274",274,4,2,8,0,0,1,29,0,5,2,1,1,1,6,2
"275",275,3,2,NA,0,1,0,24,1,5,2,1,0,0,NA,2
"276",276,4,1,NA,0,0,1,21,1,10,2,1,0,0,5,1
"277",277,1,1,NA,0,0,0,36,1,NA,4,1,1,0,NA,1
"278",278,3,2,NA,0,1,0,48,0,8,3,1,1,0,5,1
"279",279,1,1,NA,0,0,0,27,1,NA,4,1,0,0,NA,1
"280",280,2,3,9,1,0,0,64,1,3,1,1,1,1,NA,1
"281",281,2,2,NA,1,0,0,46,1,NA,4,1,2,0,2,NA
"282",282,3,2,NA,0,1,0,63,0,5,2,1,1,0,6,1
"283",283,3,2,NA,0,1,0,40,1,NA,4,1,1,0,6,1
"284",284,1,3,NA,0,0,0,61,1,7,2,1,1,0,NA,1
"285",285,4,2,NA,0,0,1,29,1,NA,3,1,0,0,7,2
"286",286,1,3,NA,0,0,0,47,0,NA,3,1,2,0,7,1
"287",287,2,2,9,1,0,0,26,1,6,2,1,0,1,7,1
"288",288,2,3,NA,1,0,0,20,1,NA,4,1,0,0,3,1
"289",289,4,2,NA,0,0,1,34,0,NA,3,1,2,0,6,1
"290",290,1,3,5,0,0,0,46,0,6,2,1,1,1,6,1
"291",291,2,1,NA,1,0,0,30,0,NA,3,1,1,0,5,1
"292",292,2,3,NA,1,0,0,19,0,NA,3,1,1,0,4,4
"293",293,3,2,NA,0,1,0,61,0,NA,3,1,0,0,7,1
"294",294,3,2,NA,0,1,0,83,1,NA,3,1,1,0,NA,3
"295",295,4,2,NA,0,0,1,34,1,NA,3,1,1,0,NA,1
"296",296,4,2,NA,0,0,1,56,0,6,2,1,1,0,4,4
"297",297,4,2,NA,0,0,1,51,0,6,2,1,1,0,7,1
"298",298,1,2,NA,0,0,0,20,1,7,3,1,1,0,7,1
"299",299,3,2,NA,0,1,0,45,0,NA,3,1,1,0,2,1
"300",300,1,2,NA,0,0,0,27,1,NA,3,1,1,0,NA,3
"301",301,3,1,NA,0,1,0,37,0,NA,4,1,1,0,9,2
"302",302,4,1,NA,0,0,1,62,1,3,2,1,1,0,5,3
"303",303,4,1,NA,0,0,1,57,1,NA,4,1,0,0,NA,1
"304",304,1,1,NA,0,0,0,61,1,5,3,1,2,0,3,1
"305",305,2,1,NA,1,0,0,80,1,3,2,1,2,0,NA,1
"306",306,1,2,NA,0,0,0,64,1,NA,2,1,0,0,NA,1
"307",307,3,1,NA,0,1,0,72,1,4,2,1,2,0,2,1
"308",308,2,1,NA,1,0,0,56,1,NA,2,1,1,0,NA,1
"309",309,4,1,NA,0,0,1,27,1,5,4,1,1,0,4,3
"310",310,3,1,NA,0,1,0,109,0,NA,3,1,2,0,NA,NA
"311",311,1,2,8,0,0,0,37,0,4,4,1,1,1,8,4
"312",312,4,1,NA,0,0,1,84,1,3,1,1,0,0,NA,1
"313",313,2,2,9,1,0,0,73,0,4,2,1,1,1,9,1
"314",314,1,1,NA,0,0,0,26,0,5,2,1,1,0,9,2
"315",315,3,1,8,0,1,0,46,0,5,3,1,1,1,NA,1
"316",316,2,1,NA,1,0,0,27,1,6,3,1,1,0,NA,1
"317",317,4,1,NA,0,0,1,33,1,8,4,1,1,0,NA,1
"318",318,1,1,NA,0,0,0,54,1,6,4,1,2,0,7,3
"319",319,3,1,NA,0,1,0,44,0,8,4,1,1,0,9,1
"320",320,2,3,NA,1,0,0,45,0,6,3,1,1,1,NA,1
"321",321,1,1,NA,0,0,0,34,1,5,2,1,1,0,NA,1
"322",322,1,1,NA,0,0,0,28,1,1,2,1,2,0,0,1
"323",323,2,1,7,1,0,0,17,0,NA,2,1,1,1,6,1
"324",324,2,1,NA,1,0,0,49,0,4,1,1,2,0,5,1
"325",325,1,1,8,0,0,0,82,1,3,1,1,0,1,7,4
"326",326,3,1,NA,0,1,0,52,1,3,2,1,1,0,0,1
"327",327,3,1,NA,0,1,0,47,1,5,2,1,1,0,6,1
"328",328,4,2,NA,0,0,1,89,1,3,1,1,1,0,NA,1
"329",329,4,1,NA,0,0,1,24,0,2,2,1,1,0,7,3
"330",330,2,2,6,1,0,0,44,1,NA,3,1,2,1,NA,2
"331",331,3,1,NA,0,1,0,22,1,NA,2,1,2,0,NA,1
"332",332,3,2,NA,0,1,0,47,0,3,2,1,0,0,NA,4
"333",333,2,2,10,1,0,0,51,0,NA,3,1,2,1,0,1
"334",334,1,1,NA,0,0,0,53,1,3,2,1,0,0,3,1
"335",335,2,1,NA,1,0,0,50,0,NA,1,1,1,0,NA,1
"336",336,1,1,NA,0,0,0,39,0,NA,3,1,1,0,NA,1
"337",337,3,1,NA,0,1,0,18,0,5,2,1,2,0,4,3
"338",338,4,3,NA,0,0,1,30,1,4,2,1,0,0,NA,1
"339",339,2,2,7,1,0,0,49,0,NA,1,1,0,1,NA,1
"340",340,4,1,NA,0,0,1,49,1,3,2,1,2,0,NA,3
"341",341,3,2,NA,0,1,0,48,0,NA,2,1,1,0,NA,1
"342",342,2,1,NA,1,0,0,30,1,4,4,1,2,0,3,1
"343",343,1,2,NA,0,0,0,46,1,NA,2,1,1,0,NA,1
"344",344,4,2,NA,0,0,1,32,1,10,4,1,2,0,7,1
"345",345,4,1,NA,0,0,1,40,0,7,3,1,1,0,NA,1
"346",346,2,1,4,1,0,0,47,0,NA,2,1,1,1,NA,NA
"347",347,3,1,NA,0,1,0,42,1,NA,3,1,1,0,1,1
"348",348,3,2,NA,0,1,0,38,1,3,3,1,1,0,NA,2
"349",349,1,1,8,0,0,0,65,0,5,2,1,1,1,NA,1
"350",350,4,1,NA,0,0,1,19,0,9,3,1,2,0,6,1
"351",351,3,1,5,0,1,0,62,1,5,2,1,2,1,5,3
"352",352,2,1,NA,1,0,0,78,0,3,1,1,2,0,NA,1
"353",353,2,2,5,1,0,0,63,1,NA,1,1,1,1,7,1
"354",354,4,1,NA,0,0,1,49,1,4,3,1,1,0,7,1
"355",355,1,2,8,0,0,0,61,0,5,3,1,2,1,7,1
"356",356,1,1,5,0,0,0,41,0,6,2,1,2,1,10,1
"357",357,1,1,NA,0,0,0,81,1,6,2,1,1,0,NA,1
"358",358,3,1,NA,0,1,0,84,1,3,2,1,2,0,8,1
"359",359,2,2,NA,1,0,0,73,1,4,2,1,1,0,7,1
"360",360,4,3,NA,0,0,1,67,0,5,3,1,2,0,NA,2
"361",361,4,1,NA,0,0,1,50,1,8,3,1,2,0,4,1
"362",362,4,1,9,0,0,1,26,0,NA,3,1,2,1,7,3
"363",363,1,1,NA,0,0,0,54,1,6,2,1,1,0,NA,1
"364",364,2,1,NA,1,0,0,54,1,9,3,1,2,0,10,1
"365",365,3,1,NA,0,1,0,32,1,10,3,1,1,0,0,1
"366",366,2,2,NA,1,0,0,79,1,4,1,1,0,0,NA,2
"367",367,3,1,NA,0,1,0,23,0,5,2,1,0,0,NA,1
"368",368,4,1,8,0,0,1,74,0,7,3,1,2,1,7,1
"369",369,3,2,NA,0,1,0,18,0,9,3,1,2,0,5,1
"370",370,1,1,NA,0,0,0,32,1,NA,3,1,0,0,8,1
"371",371,3,1,NA,0,1,0,50,1,10,3,1,2,0,7,2
"372",372,4,1,NA,0,0,1,53,0,NA,4,1,1,0,5,2
"373",373,1,1,8,0,0,0,51,1,NA,4,1,2,1,8,2
"374",374,1,1,4,0,0,0,36,1,5,2,1,0,1,NA,2
"375",375,2,1,NA,1,0,0,70,1,NA,2,1,1,0,3,1
"376",376,2,1,NA,1,0,0,56,0,5,4,1,2,1,3,1
"377",377,3,1,NA,0,1,0,32,1,NA,4,1,1,0,NA,1
"378",378,4,1,9,0,0,1,67,1,5,1,1,0,1,NA,1
"379",379,1,1,NA,0,0,0,48,1,NA,3,1,1,0,7,1
"380",380,2,2,4,1,0,0,77,1,NA,3,1,2,1,5,1
"381",381,3,3,5,0,1,0,77,1,3,3,1,2,1,7,1
"382",382,2,2,NA,1,0,0,56,1,5,4,1,1,0,5,1
"383",383,1,2,3,0,0,0,63,0,5,3,1,2,1,6,4
"384",384,4,3,2,0,0,1,48,0,10,3,1,2,1,5,5
"385",385,2,3,6,1,0,0,28,0,6,2,1,1,1,7,3
"386",386,1,1,NA,0,0,0,54,0,4,2,1,1,0,NA,1
"387",387,4,3,NA,0,0,1,69,1,5,2,1,1,0,NA,3
"388",388,1,1,NA,0,0,0,31,1,5,3,1,2,0,5,1
"389",389,2,2,NA,1,0,0,40,0,NA,4,1,1,0,NA,3
"390",390,3,1,5,0,1,0,68,1,5,3,1,1,1,5,1
"391",391,1,1,NA,0,0,0,49,0,5,3,1,1,0,5,1
"392",392,3,3,NA,0,1,0,57,0,6,4,1,2,0,7,4
"393",393,2,2,6,1,0,0,24,1,6,3,1,1,1,10,1
"394",394,4,2,NA,0,0,1,39,1,NA,2,1,0,0,NA,2
"395",395,2,2,7,1,0,0,29,0,3,3,1,1,1,3,3
"396",396,3,3,NA,0,1,0,52,1,NA,3,1,2,0,6,1
"397",397,4,2,NA,0,0,1,25,0,5,3,1,1,0,6,1
"398",398,1,1,4,0,0,0,25,1,5,3,1,0,1,3,1
"399",399,3,3,NA,0,1,0,56,1,6,4,1,2,0,8,1
"400",400,4,2,7,0,0,1,81,1,NA,2,1,1,1,5,2
"401",401,3,2,NA,0,1,0,32,0,7,3,1,0,0,1,1
"402",402,4,3,NA,0,0,1,20,0,NA,2,1,0,0,0,2
"403",403,3,1,NA,0,1,0,27,1,6,4,1,1,0,6,2
"404",404,2,2,8,1,0,0,25,1,NA,2,1,1,1,5,5
"405",405,1,1,9,0,0,0,41,0,6,3,1,1,1,7,1
"406",406,2,2,NA,1,0,0,24,1,4,2,1,0,0,6,5
"407",407,1,1,NA,0,0,0,52,0,7,3,1,1,0,6,3
"408",408,2,2,NA,1,0,0,42,0,NA,3,1,1,0,7,4
"409",409,1,2,6,0,0,0,60,1,8,4,1,1,1,6,2
"410",410,4,2,NA,0,0,1,52,1,5,2,1,1,0,4,5
"411",411,4,2,NA,0,0,1,61,1,NA,3,1,1,0,9,1
"412",412,3,1,5,0,1,0,22,1,5,2,1,0,1,4,2
"413",413,4,2,NA,0,0,1,18,1,NA,3,1,0,0,NA,NA
"414",414,3,2,NA,0,1,0,33,1,NA,4,1,1,0,2,2
"415",415,4,2,7,0,0,1,50,0,4,1,1,0,1,NA,3
"416",416,3,2,NA,0,1,0,47,1,NA,3,1,1,0,7,5
"417",417,2,2,NA,1,0,0,42,1,6,4,1,1,0,5,2
"418",418,2,1,0,1,0,0,71,1,NA,4,1,1,1,7,4
"419",419,1,3,NA,0,0,0,38,0,6,3,1,1,0,7,NA
"420",420,1,1,6,0,0,0,31,0,NA,3,1,2,1,NA,NA
"421",421,2,2,2,1,0,0,58,1,NA,4,1,1,1,3,1
"422",422,1,2,NA,0,0,0,74,1,NA,2,1,1,0,5,1
"423",423,4,2,5,0,0,1,33,0,NA,4,1,2,1,0,1
"424",424,1,2,6,0,0,0,22,1,NA,3,1,2,1,5,1
"425",425,4,2,NA,0,0,1,33,0,NA,3,1,2,0,6,1
"426",426,3,2,NA,0,1,0,49,1,NA,4,1,1,0,7,5
"427",427,4,1,NA,0,0,1,20,0,5,3,1,1,0,NA,2
"428",428,3,3,NA,0,1,0,39,1,6,4,1,1,0,2,5
"429",429,2,3,8,1,0,0,35,1,NA,3,1,2,1,6,4
"430",430,4,3,NA,0,0,1,66,0,NA,2,1,2,0,7,3
"431",431,3,2,NA,0,1,0,60,1,NA,4,1,2,0,NA,NA
"432",432,1,2,5,0,0,0,53,1,4,2,1,1,1,5,2
"433",433,3,2,NA,0,1,0,73,0,NA,2,1,2,0,6,1
"434",434,1,1,NA,0,0,0,40,1,NA,3,1,1,0,7,1
"435",435,1,2,5,0,0,0,61,0,NA,2,1,1,1,NA,1
"436",436,2,2,7,1,0,0,49,1,NA,4,1,2,1,5,1
"437",437,4,1,NA,0,0,1,42,0,4,2,1,1,0,NA,1
"438",438,2,2,NA,1,0,0,63,1,NA,2,1,0,0,NA,2
"439",439,4,1,NA,0,0,1,37,0,8,3,1,1,0,6,1
"440",440,2,2,8,1,0,0,79,1,NA,2,1,0,1,NA,2
"441",441,1,1,6,0,0,0,19,1,4,4,1,0,1,6,1
"442",442,4,1,NA,0,0,1,65,1,2,2,1,0,0,NA,1
"443",443,3,1,9,0,1,0,41,1,NA,2,1,1,1,NA,4
"444",444,2,2,NA,1,0,0,39,1,2,4,1,1,0,10,1
"445",445,1,1,8,0,0,0,50,1,5,3,1,2,1,2,1
"446",446,4,1,2,0,0,1,75,1,NA,3,1,2,0,NA,2
"447",447,3,2,NA,0,1,0,42,1,6,4,1,2,0,6,1
"448",448,2,2,NA,1,0,0,32,0,10,4,1,0,0,9,5
"449",449,1,1,8,0,0,0,37,1,9,2,1,0,1,4,1
"450",450,2,2,NA,1,0,0,25,1,10,4,1,1,0,9,4
"451",451,3,2,7,0,1,0,64,0,NA,2,1,1,1,5,1
"452",452,4,3,NA,0,0,1,43,1,NA,2,1,0,0,5,2
"453",453,1,2,NA,0,0,0,20,0,NA,3,1,1,0,6,2
"454",454,2,2,NA,1,0,0,57,1,6,3,1,1,0,NA,1
"455",455,1,3,NA,0,0,0,85,0,3,1,1,0,0,2,1
"456",456,2,2,2,1,0,0,24,0,5,3,1,1,1,6,1
"457",457,4,2,NA,0,0,1,62,1,NA,2,1,0,0,NA,2
"458",458,3,2,NA,0,1,0,63,0,NA,2,1,0,0,5,1
"459",459,3,2,NA,0,1,0,62,1,4,1,1,0,0,5,1
"460",460,4,2,NA,0,0,1,45,0,NA,2,1,0,0,4,1
"461",461,2,1,NA,1,0,0,63,1,NA,3,1,1,0,5,1
"462",462,1,2,NA,0,0,0,73,0,NA,4,1,1,0,NA,1
"463",463,3,1,7,0,1,0,64,1,NA,3,1,1,1,5,1
"464",464,2,2,NA,1,0,0,60,1,NA,3,1,1,0,6,3
"465",465,4,2,NA,0,0,1,32,1,NA,3,1,1,1,7,1
"466",466,4,2,NA,0,0,1,63,1,NA,2,1,1,0,6,1
"467",467,1,1,NA,0,0,0,33,0,8,3,1,2,0,4,2
"468",468,1,2,NA,0,0,0,46,1,NA,4,1,1,0,6,2
"469",469,3,2,NA,0,1,0,56,1,5,2,1,2,0,5,1
"470",470,2,2,NA,1,0,0,32,0,6,3,1,1,0,4,1
"471",471,1,1,NA,0,0,0,50,1,2,2,1,1,0,6,1
"472",472,2,1,NA,1,0,0,76,1,NA,1,1,0,0,NA,1
"473",473,3,1,NA,0,1,0,27,1,2,1,1,0,0,NA,1
"474",474,4,1,NA,0,0,1,26,1,6,4,1,2,0,0,2
"475",475,3,1,NA,0,1,0,39,1,2,1,1,0,0,NA,1
"476",476,4,1,10,0,0,1,70,1,3,2,1,1,1,NA,1
"477",477,1,1,7,0,0,0,66,0,1,1,1,0,1,3,1
"478",478,2,1,NA,1,0,0,48,0,5,2,1,0,0,5,2
"479",479,3,2,NA,0,1,0,44,0,4,2,1,0,0,3,1
"480",480,4,1,1,0,0,1,33,0,10,2,1,1,1,NA,3
"481",481,4,2,NA,0,0,1,52,0,5,2,1,1,0,6,1
"482",482,3,1,5,0,1,0,35,0,5,2,1,1,1,3,2
"483",483,1,2,NA,0,0,0,55,1,NA,1,1,1,0,NA,1
"484",484,3,2,NA,0,1,0,69,0,NA,1,1,0,0,NA,1
"485",485,2,1,NA,1,0,0,66,1,NA,2,1,1,0,NA,1
"486",486,4,1,NA,0,0,1,52,1,NA,2,1,0,0,6,3
"487",487,3,3,NA,0,1,0,62,1,NA,2,1,1,0,NA,2
"488",488,2,2,NA,1,0,0,31,1,NA,2,1,0,0,0,1
"489",489,4,3,NA,0,0,1,32,0,5,2,1,0,0,6,1
"490",490,1,2,NA,0,0,0,29,1,NA,3,1,1,0,5,2
"491",491,1,1,NA,0,0,0,75,0,6,3,1,2,0,4,4
"492",492,4,1,NA,0,0,1,56,0,10,4,1,2,0,4,2
"493",493,3,1,NA,0,1,0,28,1,5,2,1,0,0,2,4
"494",494,2,1,NA,1,0,0,26,0,8,4,1,0,0,6,3
"495",495,1,1,NA,0,0,0,40,1,6,3,1,1,0,4,1
"496",496,3,1,NA,0,1,0,23,0,7,3,1,1,0,NA,2
"497",497,4,1,NA,0,0,1,20,1,4,3,1,1,0,NA,1
"498",498,2,3,6,1,0,0,62,1,4,2,1,1,1,5,1
"499",499,1,1,4,0,0,0,42,1,3,2,1,0,1,NA,1
"500",500,2,1,10,1,0,0,59,0,6,2,1,2,1,6,2
"501",501,3,1,NA,0,1,0,34,1,NA,2,1,1,0,0,4
"502",502,4,3,7,0,0,1,33,0,4,3,1,0,1,7,1
"503",503,1,1,NA,0,0,0,69,1,5,2,1,1,0,2,1
"504",504,2,3,7,1,0,0,63,0,3,2,1,1,1,1,1
"505",505,4,3,NA,0,0,1,41,1,5,2,1,0,0,NA,1
"506",506,3,2,NA,0,1,0,43,0,NA,2,1,1,0,10,2
"507",507,1,1,NA,0,0,0,64,1,4,2,1,1,0,NA,1
"508",508,4,3,9,0,0,1,32,1,NA,3,1,0,1,7,1
"509",509,3,2,NA,0,1,0,75,1,NA,1,1,1,0,NA,1
"510",510,2,2,10,1,0,0,28,0,5,2,1,1,1,6,1
"511",511,2,1,NA,1,0,0,33,0,5,4,1,1,0,NA,4
"512",512,1,1,10,0,0,0,53,0,3,1,1,0,1,NA,5
"513",513,1,1,8,0,0,0,43,1,3,1,1,0,1,7,5
"514",514,3,1,NA,0,1,0,41,1,4,2,1,0,0,NA,2
"515",515,2,2,NA,1,0,0,23,1,2,2,1,0,1,8,2
"516",516,4,2,8,0,0,1,24,1,3,2,1,0,1,NA,2
"517",517,3,2,NA,0,1,0,27,1,2,2,1,0,0,6,2
"518",518,2,3,3,1,0,0,41,0,2,2,1,1,1,NA,1
"519",519,4,3,NA,0,0,1,20,1,5,2,1,1,0,NA,1
"520",520,1,1,NA,0,0,0,55,0,10,1,1,1,0,NA,5
"521",521,3,2,NA,0,1,0,46,0,3,2,1,0,0,5,1
"522",522,2,3,10,1,0,0,31,0,4,3,1,1,1,NA,1
"523",523,1,1,NA,0,0,0,32,0,5,2,1,1,0,NA,1
"524",524,4,3,NA,0,0,1,50,0,4,2,1,1,0,2,1
"525",525,2,3,10,1,0,0,64,1,3,2,1,0,1,10,1
"526",526,1,2,NA,0,0,0,34,1,6,2,1,0,0,NA,1
"527",527,3,2,NA,0,1,0,36,1,3,2,1,0,0,5,1
"528",528,2,3,10,1,0,0,36,1,5,3,1,0,1,NA,1
"529",529,1,2,NA,0,0,0,50,0,NA,2,1,2,0,0,1
"530",530,4,2,NA,0,0,1,NA,1,4,2,1,0,0,6,1
"531",531,1,1,NA,0,0,0,32,1,5,2,1,1,0,8,2
"532",532,3,1,NA,0,1,0,52,1,3,3,1,1,0,NA,3
"533",533,4,1,NA,0,0,1,69,1,5,2,1,1,0,NA,1
"534",534,1,1,NA,0,0,0,42,0,NA,2,1,1,0,6,1
"535",535,4,3,NA,0,0,1,40,0,4,2,1,1,0,4,5
"536",536,1,1,NA,0,0,0,31,1,10,3,1,1,0,2,1
"537",537,2,1,NA,1,0,0,26,1,5,3,1,1,0,7,1
"538",538,2,1,NA,1,0,0,26,0,10,3,1,2,0,5,1
"539",539,3,2,NA,0,1,0,33,1,6,3,1,1,0,6,1
"540",540,2,2,NA,1,0,0,74,0,5,1,1,1,0,NA,1
"541",541,3,1,NA,0,1,0,43,1,10,4,1,0,0,NA,1
"542",542,2,3,7,1,0,0,66,0,10,4,1,1,1,6,1
"543",543,4,2,NA,0,0,1,32,1,4,3,1,1,0,0,2
"544",544,1,1,8,0,0,0,57,0,10,3,1,1,1,8,3
"545",545,1,2,NA,0,0,0,21,0,4,3,1,0,0,6,2
"546",546,3,1,NA,0,1,0,66,0,5,3,1,1,0,NA,1
"547",547,4,1,NA,0,0,1,41,1,2,3,1,1,0,NA,1
"548",548,2,2,8,1,0,0,53,0,7,4,1,2,1,10,1
"549",549,4,3,NA,0,0,1,33,1,7,3,1,1,0,NA,1
"550",550,3,2,6,0,1,0,38,1,3,3,1,1,1,2,1
"551",551,4,3,8,0,0,1,32,1,5,4,1,1,1,5,2
"552",552,4,3,NA,0,0,1,41,0,10,4,1,1,0,3,1
"553",553,1,1,5,0,0,0,55,0,10,2,1,2,1,6,3
"554",554,1,2,NA,0,0,0,49,0,NA,2,1,2,0,NA,1
"555",555,2,2,9,1,0,0,44,1,NA,4,1,1,1,7,1
"556",556,2,2,NA,1,0,0,48,1,5,1,1,0,0,NA,1
"557",557,3,2,NA,0,1,0,64,1,3,3,1,2,0,7,1
"558",558,1,1,8,0,0,0,52,1,6,3,1,1,1,5,2
"559",559,4,2,NA,0,0,1,46,1,NA,3,1,1,0,NA,1
"560",560,3,2,NA,0,1,0,20,0,7,3,1,1,0,3,2
"561",561,4,1,9,0,0,1,42,0,5,3,1,1,1,5,5
"562",562,4,2,5,0,0,1,18,0,9,4,1,1,1,NA,4
"563",563,3,3,0,0,1,0,22,1,7,3,1,1,1,NA,1
"564",564,1,1,NA,0,0,0,64,1,5,3,1,1,0,8,2
"565",565,1,1,NA,0,0,0,45,1,NA,2,1,0,1,NA,1
"566",566,2,1,NA,1,0,0,34,0,6,3,1,0,0,1,1
"567",567,3,2,6,0,1,0,33,1,5,2,1,1,1,NA,2
"568",568,2,2,NA,1,0,0,32,1,5,3,1,0,0,NA,2
"569",569,4,1,8,0,0,1,44,1,2,1,1,0,1,NA,1
"570",570,3,2,NA,0,1,0,20,1,10,3,1,1,0,7,2
"571",571,4,1,10,0,0,1,20,1,3,2,1,0,1,NA,3
"572",572,3,1,NA,0,1,0,28,1,NA,2,1,1,0,0,4
"573",573,1,1,10,0,0,0,80,1,4,1,1,0,1,6,3
"574",574,4,2,NA,0,0,1,84,1,NA,1,1,0,0,NA,NA
"575",575,3,2,NA,0,1,0,28,1,2,2,1,1,0,NA,1
"576",576,2,3,10,1,0,0,84,1,3,2,1,0,1,9,1
"577",577,1,2,7,0,0,0,49,1,3,2,1,0,1,3,4
"578",578,4,2,8,0,0,1,41,1,6,2,1,0,1,NA,1
"579",579,3,2,NA,0,1,0,22,1,4,4,1,0,0,NA,1
"580",580,2,3,NA,1,0,0,70,1,3,1,1,0,0,NA,1
"581",581,2,1,NA,1,0,0,30,0,NA,3,1,1,0,5,1
"582",582,2,3,NA,1,0,0,19,0,NA,3,1,1,0,4,4
"583",583,3,2,NA,0,1,0,61,0,NA,3,1,0,0,7,1
"584",584,4,2,NA,0,0,1,34,1,NA,3,1,1,0,NA,1
"585",585,4,2,NA,0,0,1,51,0,6,2,1,1,0,7,1
"586",586,3,2,NA,0,1,0,83,1,NA,3,1,2,0,NA,3
"587",587,1,2,NA,0,0,0,20,1,7,3,1,1,0,7,1
"588",588,4,2,NA,0,0,1,56,0,6,2,1,1,0,4,4
"589",589,3,2,NA,0,1,0,45,0,NA,3,1,1,0,2,1
"590",590,1,2,NA,0,0,0,27,1,NA,3,1,1,0,NA,3
"591",591,4,2,NA,0,0,1,61,1,NA,3,1,1,0,9,1
"592",592,4,2,NA,0,0,1,18,1,NA,3,1,0,0,NA,NA
"593",593,3,3,5,0,1,0,22,1,5,2,1,0,1,4,2
"594",594,3,2,NA,0,1,0,33,1,NA,4,1,1,0,2,2
"595",595,4,2,7,0,0,1,50,0,4,1,1,0,1,NA,3
"596",596,3,2,NA,0,1,0,47,1,NA,3,1,1,0,7,5
"597",597,2,2,NA,1,0,0,42,1,6,4,1,1,0,5,2
"598",598,2,1,1,1,0,0,71,1,NA,4,1,1,1,7,4
"599",599,1,3,NA,0,0,0,38,0,6,3,1,1,0,7,NA
"600",600,1,1,6,0,0,0,31,0,NA,3,1,2,1,NA,NA
"601",601,3,2,NA,0,1,0,38,1,NA,4,0,0,0,NA,3
"602",602,1,2,NA,0,0,0,32,0,10,3,0,2,0,7,2
"603",603,2,2,NA,1,0,0,64,1,NA,3,0,1,0,9,1
"604",604,2,2,NA,1,0,0,35,1,NA,3,0,1,0,NA,1
"605",605,3,2,NA,0,1,0,67,0,NA,2,0,1,0,1,1
"606",606,1,2,3,0,0,0,72,0,NA,3,0,1,1,6,1
"607",607,4,3,NA,0,0,1,51,1,NA,2,0,0,0,NA,1
"608",608,1,2,NA,0,0,0,32,0,NA,3,0,0,0,0,1
"609",609,2,3,NA,1,0,0,38,1,NA,2,0,1,0,NA,1
"610",610,4,3,NA,0,0,1,42,1,NA,2,0,1,0,6,1
"611",611,3,1,NA,0,1,0,20,0,7,3,0,2,1,4,1
"612",612,4,1,NA,0,0,1,60,1,3,2,0,1,0,NA,2
"613",613,4,2,NA,0,0,1,81,0,5,3,0,1,0,2,1
"614",614,1,1,NA,0,0,0,51,1,NA,3,0,1,0,5,1
"615",615,1,1,NA,0,0,0,42,1,5,4,0,1,0,9,1
"616",616,2,1,NA,1,0,0,NA,1,10,4,0,1,0,3,1
"617",617,2,1,10,1,0,0,32,1,5,4,0,1,1,4,2
"618",618,3,1,NA,0,1,0,84,1,3,2,0,0,0,NA,1
"619",619,3,1,NA,0,1,0,65,0,7,4,0,2,0,5,1
"620",620,4,1,8,0,0,1,42,1,10,4,0,2,1,7,4
"621",621,1,1,6,0,0,0,29,0,5,4,0,2,0,6,2
"622",622,1,1,NA,0,0,0,45,1,5,2,0,1,0,NA,2
"623",623,2,1,NA,1,0,0,66,0,NA,2,0,1,1,NA,1
"624",624,3,1,NA,0,1,0,45,1,5,3,0,0,0,NA,1
"625",625,2,3,10,1,0,0,85,1,5,4,0,0,1,NA,2
"626",626,1,1,NA,0,0,0,58,1,NA,2,0,0,0,NA,1
"627",627,4,2,NA,0,0,1,43,1,5,3,0,1,0,NA,2
"628",628,3,3,NA,0,1,0,24,0,5,3,0,2,0,8,4
"629",629,3,2,4,0,1,0,20,0,5,2,0,1,1,NA,2
"630",630,4,1,NA,0,0,1,23,0,6,4,0,1,0,NA,1
"631",631,1,2,NA,0,0,0,23,0,NA,3,0,2,0,NA,3
"632",632,3,2,7,0,1,0,75,1,10,3,0,2,1,4,2
"633",633,3,1,9,0,1,0,53,0,5,3,0,2,1,10,5
"634",634,3,2,4,0,1,0,42,0,7,3,0,2,1,6,2
"635",635,4,1,10,0,0,1,58,1,10,4,0,2,1,7,3
"636",636,4,1,NA,0,0,1,80,0,10,4,0,2,0,10,3
"637",637,4,1,5,0,0,1,65,1,4,3,0,1,NA,8,NA
"638",638,2,2,10,1,0,0,25,0,8,3,0,1,1,10,1
"639",639,1,1,8,0,0,0,59,1,10,4,0,1,1,10,2
"640",640,2,2,10,1,0,0,46,0,NA,4,0,2,1,10,1
"641",641,3,3,NA,0,1,0,78,0,3,2,0,1,0,2,1
"642",642,4,2,8,0,0,1,62,0,5,2,0,1,1,7,1
"643",643,2,3,NA,1,0,0,40,0,4,2,0,1,0,0,1
"644",644,3,2,NA,0,1,0,46,0,5,3,0,2,0,5,2
"645",645,1,1,9,0,0,0,42,0,6,3,0,1,1,7,2
"646",646,3,2,NA,0,1,0,63,1,5,3,0,0,0,2,2
"647",647,1,1,10,0,0,0,52,1,5,3,0,2,1,6,1
"648",648,4,2,NA,0,0,1,24,1,NA,3,0,1,0,2,1
"649",649,2,3,NA,1,0,0,26,0,4,2,0,1,0,7,1
"650",650,3,3,NA,0,1,0,28,1,3,2,0,1,0,3,1
"651",651,1,3,NA,0,0,0,62,0,4,2,0,1,0,NA,1
"652",652,2,1,8,1,0,0,42,0,5,3,0,1,1,5,2
"653",653,3,1,10,0,1,0,77,1,3,1,0,2,1,NA,1
"654",654,4,1,NA,0,0,1,33,0,4,3,0,0,0,5,1
"655",655,1,1,NA,0,0,0,39,1,3,3,0,1,0,NA,1
"656",656,2,1,10,1,0,0,42,0,5,2,0,1,1,5,4
"657",657,3,3,2,0,1,0,31,0,4,4,0,1,1,NA,2
"658",658,4,3,7,0,0,1,53,1,5,3,0,1,1,6,1
"659",659,1,1,NA,0,0,0,24,0,2,2,0,1,0,7,1
"660",660,2,2,9,1,0,0,49,1,3,3,0,1,1,NA,1
"661",661,3,1,NA,0,1,0,44,1,3,4,0,2,0,2,1
"662",662,4,1,NA,0,0,1,24,1,5,3,0,0,0,NA,1
"663",663,1,1,4,0,0,0,22,1,4,3,0,1,1,NA,1
"664",664,2,1,9,1,0,0,28,1,5,3,0,0,1,8,1
"665",665,3,2,NA,0,1,0,33,0,5,3,0,1,0,NA,4
"666",666,1,6,NA,0,0,0,48,1,6,3,0,2,0,5,1
"667",667,2,2,8,1,0,0,56,0,NA,3,0,2,1,8,3
"668",668,1,1,10,0,0,0,37,1,5,4,0,2,1,4,4
"669",669,2,3,NA,1,0,0,22,1,NA,3,0,2,0,2,5
"670",670,4,1,NA,0,0,1,62,1,8,2,0,1,0,NA,1
"671",671,2,1,8,1,0,0,44,1,NA,3,0,1,1,NA,1
"672",672,3,1,NA,0,1,0,39,0,10,4,0,2,0,8,1
"673",673,1,1,NA,0,0,0,75,1,4,2,0,1,0,4,1
"674",674,3,1,6,0,1,0,82,0,2,1,0,0,1,10,5
"675",675,4,1,NA,0,0,1,20,0,9,3,0,2,0,6,2
"676",676,2,2,NA,1,0,0,79,1,5,3,0,2,0,NA,1
"677",677,1,2,8,0,0,0,59,1,NA,3,0,2,1,8,1
"678",678,3,2,NA,0,1,0,57,1,3,2,0,1,0,NA,1
"679",679,4,3,NA,0,0,1,39,1,NA,4,0,1,0,NA,1
"680",680,1,1,NA,0,0,0,55,1,6,2,0,1,0,NA,1
"681",681,2,3,9,1,0,0,55,1,5,3,0,2,1,10,1
"682",682,3,1,NA,0,1,0,42,1,3,2,0,0,0,NA,1
"683",683,2,1,8,1,0,0,52,1,2,2,0,1,1,NA,2
"684",684,4,3,NA,0,0,1,31,1,4,3,0,1,0,NA,1
"685",685,4,1,NA,0,0,1,55,1,6,3,0,1,0,NA,1
"686",686,1,1,NA,0,0,0,25,1,NA,3,0,0,0,NA,1
"687",687,3,1,NA,0,1,0,38,0,6,2,0,1,0,9,1
"688",688,2,1,NA,1,0,0,76,0,3,2,0,0,0,NA,1
"689",689,1,2,NA,0,0,0,20,1,5,3,0,1,0,NA,2
"690",690,3,2,NA,0,1,0,27,0,5,2,0,1,0,5,1
"691",691,1,1,10,0,0,0,53,0,8,3,0,2,1,7,4
"692",692,2,2,3,1,0,0,37,1,5,2,0,1,1,NA,3
"693",693,3,1,8,0,1,0,36,0,2,2,0,2,1,4,1
"694",694,4,3,8,0,0,1,50,0,9,3,0,1,1,4,3
"695",695,4,3,7,0,0,1,48,1,3,3,0,2,1,4,1
"696",696,2,2,NA,1,0,0,40,1,5,2,0,1,0,5,2
"697",697,3,2,NA,0,1,0,42,0,5,3,0,1,0,3,1
"698",698,4,1,NA,0,0,1,54,0,7,3,0,2,0,7,4
"699",699,1,2,NA,0,0,0,19,1,NA,2,0,1,0,5,1
"700",700,1,1,NA,0,0,0,29,1,5,3,0,0,0,NA,1
"701",701,2,2,NA,1,0,0,50,1,5,3,0,1,0,8,1
"702",702,3,1,NA,0,1,0,32,0,6,3,0,2,0,5,1
"703",703,4,1,8,0,0,1,74,1,4,3,0,1,1,NA,1
"704",704,1,1,8,0,0,0,60,1,7,4,0,1,1,8,2
"705",705,2,2,9,1,0,0,23,0,3,3,0,0,1,2,1
"706",706,3,1,NA,0,1,0,74,0,3,2,0,2,0,NA,1
"707",707,4,2,7,0,0,1,45,0,8,3,0,2,0,6,2
"708",708,1,3,8,0,0,0,65,1,4,2,0,0,1,9,1
"709",709,2,2,NA,1,0,0,23,1,8,3,0,2,1,NA,2
"710",710,4,2,7,0,0,1,26,0,5,2,0,1,1,10,2
"711",711,3,2,NA,0,1,0,55,0,4,2,0,0,0,6,1
"712",712,1,1,NA,0,0,0,61,0,1,3,0,2,0,8,1
"713",713,4,3,7,0,0,1,40,1,10,4,0,2,1,4,1
"714",714,4,1,NA,0,0,1,27,0,4,3,0,1,0,3,1
"715",715,1,1,5,0,0,0,20,0,NA,4,0,1,1,10,1
"716",716,2,1,5,1,0,0,18,1,NA,3,0,0,1,4,1
"717",717,2,2,NA,1,0,0,34,1,5,4,0,1,0,6,1
"718",718,3,1,NA,0,1,0,70,0,NA,2,0,1,0,10,1
"719",719,3,2,8,0,1,0,71,0,10,4,0,2,1,6,2
"720",720,1,1,10,0,0,0,66,1,2,2,0,0,1,NA,1
"721",721,2,1,10,1,0,0,44,0,NA,2,0,0,1,10,1
"722",722,3,2,NA,0,1,0,50,0,7,3,0,2,0,4,3
"723",723,4,2,NA,0,0,1,47,0,NA,3,0,1,0,NA,1
"724",724,1,2,10,0,0,0,71,1,2,1,0,0,1,NA,3
"725",725,2,1,NA,1,0,0,49,1,NA,2,0,1,0,NA,1
"726",726,3,2,NA,0,1,0,46,1,5,2,0,2,0,NA,1
"727",727,4,1,NA,0,0,1,60,0,NA,3,0,2,0,NA,1
"728",728,1,1,NA,0,0,0,68,1,2,2,0,0,0,NA,1
"729",729,2,1,NA,1,0,0,37,1,NA,3,0,1,0,10,1
"730",730,3,1,7,0,1,0,23,0,6,3,0,2,1,8,1
"731",731,4,1,NA,0,0,1,68,0,2,2,0,0,0,NA,1
"732",732,1,1,NA,0,0,0,46,1,4,2,0,2,0,5,1
"733",733,2,1,NA,1,0,0,45,1,4,3,0,2,0,1,1
"734",734,3,2,NA,0,1,0,63,1,5,3,0,1,0,NA,1
"735",735,4,2,5,0,0,1,68,0,NA,3,0,1,1,NA,2
"736",736,1,3,NA,0,0,0,39,1,NA,3,0,1,0,7,1
"737",737,2,2,NA,1,0,0,70,0,4,2,0,1,0,NA,1
"738",738,3,3,NA,0,1,0,58,1,4,2,0,0,0,3,NA
"739",739,4,2,8,0,0,1,66,1,NA,2,0,1,1,NA,1
"740",740,2,2,NA,1,0,0,24,1,4,3,0,1,0,8,1
"741",741,1,1,NA,0,0,0,48,0,NA,2,0,1,0,2,2
"742",742,2,1,NA,1,0,0,NA,1,NA,2,0,1,0,1,1
"743",743,3,1,4,0,1,0,41,1,3,2,0,0,1,6,1
"744",744,4,1,NA,0,0,1,39,1,3,2,0,0,0,NA,1
"745",745,4,1,NA,0,0,1,37,1,5,2,0,0,1,NA,1
"746",746,1,1,5,0,0,0,57,0,5,3,0,2,1,NA,1
"747",747,3,2,8,0,1,0,76,1,5,1,0,1,1,6,2
"748",748,1,1,4,0,0,0,24,1,3,2,0,0,1,3,1
"749",749,2,2,9,1,0,0,24,1,10,2,0,1,1,4,1
"750",750,3,1,4,0,1,0,64,1,NA,2,0,0,1,5,1
"751",751,2,2,NA,1,0,0,55,0,8,2,0,1,0,3,1
"752",752,3,1,NA,0,1,0,31,1,10,3,0,1,0,5,1
"753",753,4,1,NA,0,0,1,50,1,4,2,0,0,0,NA,1
"754",754,3,2,NA,0,1,0,44,1,4,2,0,0,0,2,1
"755",755,4,1,NA,0,0,1,26,1,4,2,0,0,0,9,1
"756",756,1,1,NA,0,0,0,62,0,NA,1,0,2,0,NA,1
"757",757,4,3,NA,0,0,1,21,1,3,3,0,0,0,3,1
"758",758,1,1,NA,0,0,0,81,1,4,2,0,0,0,NA,NA
"759",759,2,1,NA,1,0,0,39,1,8,4,0,1,0,7,1
"760",760,2,1,NA,1,0,0,68,1,2,1,0,0,0,NA,1
"761",761,1,1,NA,0,0,0,33,1,4,3,0,0,0,2,1
"762",762,1,1,8,0,0,0,71,0,5,2,0,1,1,5,1
"763",763,2,3,NA,1,0,0,59,0,5,2,0,1,0,NA,1
"764",764,2,1,NA,1,0,0,40,1,5,4,0,1,0,NA,1
"765",765,3,2,NA,0,1,0,42,1,NA,3,0,1,0,NA,1
"766",766,4,2,10,0,0,1,84,0,6,2,0,2,1,4,3
"767",767,4,3,8,0,0,1,47,1,10,4,0,1,0,NA,1
"768",768,3,1,NA,0,1,0,27,0,2,2,0,0,0,2,1
"769",769,1,1,NA,0,0,0,69,0,3,1,0,1,0,2,1
"770",770,3,3,4,0,1,0,35,0,6,2,0,0,1,0,1
"771",771,1,2,NA,0,0,0,60,1,7,1,0,1,0,5,1
"772",772,4,1,3,0,0,1,38,1,5,2,0,1,1,7,1
"773",773,4,3,8,0,0,1,23,1,4,2,0,0,1,7,1
"774",774,2,3,NA,1,0,0,39,0,NA,2,0,0,0,5,1
"775",775,1,1,3,0,0,0,30,1,5,2,0,1,1,6,1
"776",776,2,2,7,1,0,0,37,0,4,2,0,0,1,NA,1
"777",777,3,2,NA,0,1,0,52,0,4,3,0,1,0,8,1
"778",778,3,1,4,0,1,0,37,0,7,3,0,1,1,3,NA
"779",779,4,3,NA,0,0,1,29,0,7,2,0,0,0,2,4
"780",780,1,1,NA,0,0,0,23,1,4,3,0,1,0,NA,5
"781",781,2,1,NA,1,0,0,70,1,4,3,0,1,0,NA,1
"782",782,1,1,NA,0,0,0,42,0,4,3,0,1,0,6,1
"783",783,3,3,NA,0,1,0,71,1,5,3,0,2,0,3,1
"784",784,4,1,10,0,0,1,23,0,5,3,0,2,1,0,2
"785",785,2,1,NA,1,0,0,39,0,3,2,0,1,0,8,1
"786",786,3,1,NA,0,1,0,46,1,8,4,0,2,0,1,2
"787",787,4,3,NA,0,0,1,23,1,NA,3,0,1,0,NA,1
"788",788,1,2,NA,0,0,0,55,1,5,2,0,1,0,3,2
"789",789,2,1,NA,1,0,0,67,1,4,2,0,1,0,6,1
"790",790,4,1,NA,0,0,1,55,0,NA,2,0,2,0,1,1
"791",791,1,1,NA,0,0,0,54,0,3,2,0,1,0,6,1
"792",792,2,3,7,1,0,0,26,0,5,3,0,1,1,6,2
"793",793,4,3,NA,0,0,1,27,1,9,3,0,1,0,NA,1
"794",794,3,3,4,0,1,0,64,1,NA,4,0,2,1,5,3
"795",795,4,3,10,0,0,1,51,1,7,2,0,0,1,8,1
"796",796,3,2,NA,0,1,0,44,1,NA,4,0,1,0,4,3
"797",797,3,2,NA,0,1,0,56,1,5,2,0,1,0,2,1
"798",798,1,1,NA,0,0,0,28,1,3,3,0,0,0,NA,1
"799",799,2,3,NA,1,0,0,65,1,2,2,0,0,0,NA,1
"800",800,1,1,NA,0,0,0,30,1,7,2,0,1,0,10,1
"801",801,3,2,NA,0,1,0,50,1,NA,1,0,1,0,NA,1
"802",802,3,1,NA,0,1,0,77,1,4,1,0,0,0,NA,1
"803",803,1,1,NA,0,0,0,29,1,4,2,0,0,0,0,1
"804",804,3,1,NA,0,1,0,45,0,NA,2,0,1,0,NA,1
"805",805,2,2,6,1,0,0,47,1,3,2,0,1,1,NA,1
"806",806,4,2,NA,0,0,1,59,1,3,1,0,0,0,NA,1
"807",807,4,1,NA,0,0,1,34,1,5,3,0,2,0,NA,2
"808",808,2,1,7,1,0,0,58,0,NA,3,0,1,1,3,2
"809",809,4,2,NA,0,0,1,34,0,NA,2,0,1,0,NA,1
"810",810,1,1,NA,0,0,0,43,1,3,3,0,1,0,NA,2
"811",811,1,1,NA,0,0,0,62,1,3,2,0,0,0,NA,2
"812",812,3,2,NA,0,1,0,34,1,2,2,0,0,0,NA,1
"813",813,1,2,NA,0,0,0,63,1,8,2,0,2,0,7,1
"814",814,3,1,NA,0,1,0,19,0,4,3,0,0,0,NA,NA
"815",815,2,1,NA,1,0,0,43,1,6,4,0,1,0,NA,2
"816",816,2,2,NA,1,0,0,29,1,NA,1,0,2,0,NA,2
"817",817,4,1,NA,0,0,1,36,1,7,2,0,0,0,NA,3
"818",818,2,2,NA,1,0,0,46,0,5,2,0,1,0,NA,1
"819",819,4,1,NA,0,0,1,74,0,4,1,0,0,0,NA,2
"820",820,1,2,8,0,0,0,42,1,4,4,0,2,1,NA,3
"821",821,1,2,NA,0,0,0,32,1,6,3,0,0,0,10,1
"822",822,4,1,NA,0,0,1,48,1,8,4,0,2,0,2,1
"823",823,1,1,7,0,0,0,20,1,NA,4,0,0,1,3,3
"824",824,3,1,10,0,1,0,55,1,3,1,0,1,1,NA,1
"825",825,2,3,NA,1,0,0,42,1,8,3,0,1,0,6,1
"826",826,3,1,NA,0,1,0,43,1,9,4,0,1,0,6,1
"827",827,2,3,NA,1,0,0,56,1,5,2,0,1,0,10,1
"828",828,2,1,6,1,0,0,53,1,5,2,0,1,1,3,1
"829",829,4,1,NA,0,0,1,60,1,NA,2,0,1,0,NA,5
"830",830,3,2,NA,0,1,0,46,1,5,2,0,0,0,NA,1
"831",831,4,1,NA,0,0,1,33,1,6,1,0,0,0,NA,3
"832",832,1,1,NA,0,0,0,34,0,5,2,0,1,0,6,1
"833",833,2,2,7,1,0,0,36,0,3,2,0,0,1,7,4
"834",834,3,2,NA,0,1,0,58,1,5,2,0,1,0,NA,1
"835",835,4,1,4,0,0,1,34,0,6,2,0,1,1,NA,3
"836",836,3,3,NA,0,1,0,24,1,5,2,0,2,0,8,2
"837",837,2,2,NA,1,0,0,38,0,NA,2,0,0,0,NA,1
"838",838,3,2,NA,0,1,0,42,1,4,2,0,0,0,NA,2
"839",839,4,2,NA,0,0,1,24,1,5,1,0,0,0,NA,1
"840",840,1,3,NA,0,0,0,77,1,NA,2,0,2,0,4,1
"841",841,2,3,9,1,0,0,54,1,3,2,0,1,1,NA,1
"842",842,3,2,10,0,1,0,65,1,NA,2,0,1,1,7,2
"843",843,4,1,NA,0,0,1,55,1,NA,4,0,1,0,NA,1
"844",844,1,1,NA,0,0,0,75,1,4,2,0,2,0,7,1
"845",845,2,3,10,1,0,0,58,0,6,2,0,2,1,9,2
"846",846,3,3,NA,0,1,0,46,0,NA,2,0,1,0,4,1
"847",847,4,1,NA,0,0,1,50,0,NA,2,0,2,0,NA,1
"848",848,1,1,9,0,0,0,63,1,2,2,0,0,1,4,1
"849",849,2,1,NA,1,0,0,28,1,8,4,0,1,0,NA,5
"850",850,3,1,8,0,1,0,60,0,7,2,0,0,1,6,2
"851",851,3,1,NA,0,1,0,25,1,NA,3,0,1,0,NA,1
"852",852,4,1,NA,0,0,1,49,1,3,2,0,0,0,NA,1
"853",853,1,2,NA,0,0,0,47,0,6,3,0,0,0,7,1
"854",854,4,2,6,0,0,1,46,0,4,2,0,1,1,NA,1
"855",855,4,1,NA,0,0,1,109,1,3,2,0,0,0,1,1
"856",856,1,1,NA,0,0,0,49,0,4,2,0,2,0,6,1
"857",857,2,2,9,1,0,0,33,1,4,2,0,1,1,9,2
"858",858,2,1,NA,1,0,0,20,1,5,3,0,1,0,8,1
"859",859,3,1,NA,0,1,0,52,1,3,1,0,1,0,NA,1
"860",860,3,3,3,0,1,0,18,1,NA,2,0,0,1,6,NA
"861",861,4,3,8,0,0,1,36,0,8,4,0,2,1,4,4
"862",862,1,1,6,0,0,0,30,1,3,3,0,0,1,9,2
"863",863,2,3,NA,1,0,0,35,1,3,3,0,1,0,NA,3
"864",864,3,2,NA,0,1,0,49,0,3,2,0,1,0,NA,2
"865",865,4,1,NA,0,0,1,20,1,5,3,0,1,0,NA,1
"866",866,1,1,8,0,0,0,52,0,2,1,0,0,1,NA,4
"867",867,2,2,7,1,0,0,67,1,NA,3,0,1,1,NA,1
"868",868,3,1,NA,0,1,0,26,0,5,3,0,2,0,4,2
"869",869,4,1,NA,0,0,1,19,1,4,3,0,1,0,5,5
"870",870,1,1,9,0,0,0,60,1,3,1,0,1,1,10,1
"871",871,4,2,NA,0,0,1,39,1,7,2,0,0,0,7,2
"872",872,4,1,NA,0,0,1,80,0,10,4,0,2,0,10,3
"873",873,3,2,6,0,1,0,60,1,5,4,0,2,1,6,1
"874",874,1,3,10,0,0,0,41,0,6,2,0,2,1,5,3
"875",875,4,1,NA,0,0,1,70,1,3,1,0,1,0,NA,2
"876",876,3,2,NA,0,1,0,56,1,4,2,0,0,0,0,1
"877",877,2,2,10,1,0,0,69,1,4,1,0,2,1,NA,1
"878",878,1,1,NA,0,0,0,70,0,4,1,0,0,0,2,1
"879",879,2,2,NA,1,0,0,30,0,6,3,0,1,0,NA,1
"880",880,3,3,NA,0,1,0,50,1,4,3,0,0,0,NA,1
"881",881,4,2,7,0,0,1,31,0,NA,4,0,1,1,0,2
"882",882,1,2,NA,0,0,0,49,0,NA,3,0,1,0,8,1
"883",883,2,1,NA,1,0,0,63,1,NA,1,0,0,0,NA,NA
"884",884,3,3,NA,0,1,0,40,1,2,2,0,0,0,4,1
"885",885,4,1,NA,0,0,1,22,1,3,2,0,0,0,NA,1
"886",886,1,2,NA,0,0,0,19,0,NA,3,0,1,0,4,4
"887",887,2,3,8,1,0,0,28,1,NA,2,0,0,1,NA,1
"888",888,3,1,NA,0,1,0,20,0,4,2,0,0,0,7,1
"889",889,4,2,NA,0,0,1,25,0,NA,2,0,1,0,4,1
"890",890,1,2,10,0,0,0,69,0,3,1,0,0,1,NA,1
"891",891,1,2,9,0,0,0,71,1,5,1,0,0,1,10,1
"892",892,3,1,8,0,1,0,75,0,2,1,0,2,1,NA,1
"893",893,1,1,9,0,0,0,39,1,6,3,0,1,1,5,2
"894",894,2,2,NA,1,0,0,36,1,5,2,0,1,0,5,1
"895",895,2,2,8,1,0,0,60,1,NA,2,0,1,1,NA,4
"896",896,4,1,9,0,0,1,46,1,5,4,0,1,1,5,2
"897",897,2,2,9,1,0,0,38,1,10,3,0,1,1,NA,2
"898",898,3,1,NA,0,1,0,29,1,3,2,0,0,0,NA,1
"899",899,4,1,NA,0,0,1,35,1,5,NA,0,1,0,NA,1
"900",900,1,3,5,0,0,0,36,0,3,2,0,1,1,9,1
"901",901,1,2,NA,0,0,0,31,1,NA,3,0,1,0,NA,3
"902",902,4,1,NA,0,0,1,47,0,3,2,0,2,0,0,5
"903",903,2,2,8,1,0,0,19,0,6,2,0,0,1,5,5
"904",904,2,3,10,1,0,0,51,1,NA,1,0,0,1,NA,1
"905",905,2,3,NA,1,0,0,26,1,NA,4,0,1,0,8,1
"906",906,3,2,NA,0,1,0,31,1,2,2,0,0,0,NA,1
"907",907,1,1,NA,0,0,0,30,1,NA,4,0,1,0,NA,5
"908",908,4,1,7,0,0,1,67,1,2,2,0,1,1,3,1
"909",909,3,2,NA,0,1,0,51,1,5,1,0,1,0,NA,1
"910",910,1,3,6,0,0,0,56,0,4,2,0,0,1,6,1
"911",911,2,2,NA,1,0,0,46,1,5,3,0,1,0,5,1
"912",912,4,2,9,0,0,1,83,0,NA,2,0,2,1,7,1
"913",913,3,2,NA,0,1,0,53,1,9,3,0,0,0,3,1
"914",914,1,2,8,0,0,0,24,0,NA,3,0,1,1,6,1
"915",915,2,1,NA,1,0,0,58,1,5,3,0,1,0,7,1
"916",916,3,3,NA,0,1,0,38,0,4,3,0,1,0,3,1
"917",917,3,3,7,0,1,0,77,1,NA,3,0,2,1,8,1
"918",918,4,3,NA,0,0,1,40,1,NA,3,0,1,0,NA,1
"919",919,4,3,NA,0,0,1,49,0,4,3,0,1,0,NA,1
"920",920,1,3,NA,0,0,0,27,1,4,3,0,0,0,2,3
"921",921,1,1,NA,0,0,0,27,1,3,2,0,0,0,NA,4
"922",922,4,2,8,0,0,1,31,1,5,4,0,1,1,NA,1
"923",923,2,3,NA,1,0,0,24,1,5,3,0,1,0,7,1
"924",924,2,1,7,1,0,0,39,0,NA,1,0,0,1,8,1
"925",925,1,2,NA,0,0,0,26,1,4,3,0,0,0,8,NA
"926",926,3,3,4,0,1,0,22,0,5,2,0,0,1,3,4
"927",927,3,1,NA,0,1,0,30,1,4,2,0,1,0,NA,1
"928",928,2,2,6,1,0,0,23,1,3,3,0,1,1,3,1
"929",929,4,1,NA,0,0,1,77,0,3,2,0,2,0,5,3
"930",930,2,2,9,1,0,0,56,0,NA,3,0,0,1,2,2
"931",931,1,1,10,0,0,0,33,1,10,4,0,1,1,2,2
"932",932,2,1,NA,1,0,0,34,0,7,3,0,2,0,0,1
"933",933,1,1,NA,0,0,0,32,0,NA,4,0,2,0,0,1
"934",934,3,2,NA,0,1,0,18,1,5,2,0,1,0,4,1
"935",935,4,3,NA,0,0,1,47,1,5,3,0,1,0,4,1
"936",936,3,1,5,0,1,0,74,1,6,2,0,1,1,NA,5
"937",937,2,3,10,1,0,0,39,1,5,4,0,1,1,NA,3
"938",938,4,3,NA,0,0,1,73,1,5,2,0,2,0,3,2
"939",939,1,1,NA,0,0,0,34,1,7,4,0,1,0,NA,2
"940",940,3,1,7,0,1,0,49,0,4,2,0,0,1,10,1
"941",941,4,3,NA,0,0,1,35,1,2,2,0,0,0,10,1
"942",942,1,1,8,0,0,0,65,1,NA,2,0,0,1,NA,NA
"943",943,1,1,7,0,0,0,23,1,6,3,0,0,1,5,1
"944",944,2,1,10,1,0,0,57,1,6,2,0,0,1,8,3
"945",945,3,3,NA,0,1,0,23,1,10,3,0,0,0,5,3
"946",946,3,2,NA,0,1,0,32,1,3,2,0,0,0,8,1
"947",947,1,1,10,0,0,0,48,1,NA,2,0,0,1,10,NA
"948",948,4,2,NA,0,0,1,50,0,NA,2,0,1,0,NA,1
"949",949,4,3,9,0,0,1,54,0,7,2,0,2,1,3,3
"950",950,2,1,NA,1,0,0,29,0,5,3,0,1,0,NA,2
"951",951,4,1,5,0,0,1,50,0,7,2,0,1,1,NA,1
"952",952,1,1,NA,0,0,0,53,0,NA,3,0,2,0,8,1
"953",953,1,2,9,0,0,0,37,0,3,3,0,1,1,3,3
"954",954,3,3,NA,0,1,0,21,0,NA,3,0,2,0,6,1
"955",955,2,1,NA,1,0,0,63,1,5,1,0,1,0,0,1
"956",956,2,1,NA,1,0,0,62,1,NA,2,0,0,0,8,1
"957",957,3,2,NA,0,1,0,45,1,4,2,0,2,0,NA,2
"958",958,4,1,8,0,0,1,52,1,NA,3,0,1,1,7,2
"959",959,1,1,NA,0,0,0,27,0,10,4,0,2,0,4,1
"960",960,3,1,NA,0,1,0,19,0,5,3,0,1,0,4,4
"961",961,4,2,NA,0,0,1,18,1,2,2,0,0,0,3,2
"962",962,1,2,0,0,0,0,27,1,4,3,0,1,1,9,1
"963",963,2,3,10,1,0,0,54,0,5,2,0,0,1,10,1
"964",964,3,2,NA,0,1,0,31,1,7,4,0,1,0,NA,1
"965",965,4,1,10,0,0,1,37,1,2,2,0,0,1,NA,2
"966",966,1,2,NA,0,0,0,59,0,5,3,0,1,0,NA,1
"967",967,2,2,NA,1,0,0,NA,1,4,2,0,0,0,8,3
"968",968,3,3,NA,0,1,0,52,0,7,2,0,1,0,NA,2
"969",969,4,3,7,0,0,1,74,1,3,2,0,1,1,NA,1
"970",970,3,2,NA,0,1,0,62,0,NA,1,0,2,0,NA,2
"971",971,4,3,5,0,0,1,43,1,5,4,0,1,1,2,1
"972",972,1,2,NA,0,0,0,51,1,5,3,0,0,0,NA,3
"973",973,2,3,NA,1,0,0,48,1,NA,4,0,1,0,3,5
"974",974,3,2,NA,0,1,0,56,1,5,3,0,1,0,NA,2
"975",975,4,3,NA,0,0,1,31,1,NA,4,0,2,0,NA,2
"976",976,1,2,NA,0,0,0,42,1,NA,3,0,1,0,NA,1
"977",977,2,1,NA,1,0,0,34,1,2,2,0,0,0,NA,1
"978",978,3,2,NA,0,1,0,41,1,NA,2,0,1,0,4,1
"979",979,4,3,NA,0,0,1,68,0,3,1,0,1,0,NA,1
"980",980,3,2,NA,0,1,0,47,0,NA,1,0,1,0,NA,1
"981",981,4,3,NA,0,0,1,70,0,3,1,0,1,0,NA,1
"982",982,1,3,8,0,0,0,66,1,4,1,0,1,1,NA,1
"983",983,2,2,NA,1,0,0,69,0,NA,2,0,2,0,NA,1
"984",984,3,1,7,0,1,0,79,0,4,1,0,2,1,NA,1
"985",985,4,3,NA,0,0,1,67,1,3,1,0,1,0,NA,1
"986",986,1,3,NA,0,0,0,58,1,NA,2,0,0,0,NA,1
"987",987,2,3,NA,1,0,0,44,0,NA,1,0,0,0,NA,1
"988",988,3,3,NA,0,1,0,49,0,NA,3,0,1,0,7,2
"989",989,4,1,NA,0,0,1,43,0,NA,3,0,1,0,NA,1
"990",990,1,1,NA,0,0,0,44,0,5,3,0,1,0,3,1
"991",991,2,1,NA,1,0,0,30,0,10,3,0,1,0,7,4
"992",992,3,1,NA,0,1,0,27,1,NA,NA,0,1,0,5,1
"993",993,4,2,NA,0,0,1,49,1,NA,4,0,1,0,6,1
"994",994,1,1,NA,0,0,0,43,0,6,3,0,1,0,3,1
"995",995,2,2,8,1,0,0,44,0,9,3,0,1,1,8,1
"996",996,4,3,NA,0,0,1,24,1,NA,3,0,1,0,NA,1
"997",997,2,1,NA,1,0,0,60,1,NA,4,0,1,0,5,2
"998",998,1,2,NA,0,0,0,63,1,NA,2,0,1,NA,NA,NA
"999",999,4,1,1,0,0,1,33,1,5,3,0,1,1,NA,1
"1000",1000,1,2,NA,0,0,0,70,1,5,3,0,2,0,NA,5
"1001",1001,2,3,9,1,0,0,39,1,4,4,0,1,1,9,5
"1002",1002,3,2,7,0,1,0,41,0,6,3,0,2,1,2,1
"1003",1003,4,1,NA,0,0,1,50,0,5,2,0,1,0,3,1
"1004",1004,1,1,NA,0,0,0,31,1,6,3,0,0,0,NA,1
"1005",1005,2,1,NA,1,0,0,61,1,3,2,0,0,0,NA,1
"1006",1006,3,1,NA,0,1,0,NA,0,4,2,0,0,0,NA,1
"1007",1007,4,3,NA,0,0,1,71,1,4,2,0,1,0,NA,1
"1008",1008,1,3,NA,0,0,0,29,1,5,2,0,0,0,2,2
"1009",1009,2,1,NA,1,0,0,49,1,5,2,0,0,1,NA,2
"1010",1010,1,1,5,0,0,0,30,1,5,3,0,1,1,2,3
"1011",1011,1,2,6,0,0,0,72,1,NA,2,0,2,1,4,1
"1012",1012,3,1,NA,0,1,0,24,1,4,3,0,0,0,5,4
"1013",1013,4,2,NA,0,0,1,70,1,4,2,0,2,0,5,1
"1014",1014,2,3,NA,1,0,0,54,1,NA,3,0,1,0,5,2
"1015",1015,3,1,7,0,1,0,21,0,9,3,0,2,1,7,2
"1016",1016,1,1,4,0,0,0,34,0,4,2,0,2,1,2,1
"1017",1017,4,2,NA,0,0,1,59,1,NA,2,0,2,0,6,1
"1018",1018,3,1,9,0,1,0,54,0,3,2,0,2,1,4,4
"1019",1019,2,1,NA,1,0,0,60,1,NA,2,0,0,1,NA,5
"1020",1020,3,2,NA,0,1,0,61,0,NA,3,0,2,0,7,1
"1021",1021,4,3,NA,0,0,1,77,0,5,3,0,2,0,NA,2
"1022",1022,1,2,NA,0,0,0,55,1,4,4,0,1,0,2,2
"1023",1023,2,3,9,1,0,0,59,1,NA,3,0,0,1,NA,4
"1024",1024,3,2,7,0,1,0,73,1,8,4,0,2,1,1,4
"1025",1025,4,2,NA,0,0,1,74,1,9,2,0,1,0,5,1
"1026",1026,1,2,8,0,0,0,24,1,10,4,0,1,1,7,5
"1027",1027,2,2,7,1,0,0,31,1,5,4,0,0,1,NA,1
"1028",1028,3,2,NA,0,1,0,39,1,5,4,0,2,0,NA,2
"1029",1029,4,1,7,0,0,1,NA,1,NA,2,0,1,1,1,4
"1030",1030,3,1,7,0,1,0,39,0,NA,4,0,2,1,NA,2
"1031",1031,1,1,NA,0,0,0,66,0,5,3,0,1,0,8,1
"1032",1032,2,1,NA,1,0,0,60,0,5,2,0,1,0,3,1
"1033",1033,4,1,NA,0,0,1,69,1,5,4,0,1,0,NA,1
"1034",1034,3,2,NA,0,1,0,48,0,7,3,0,1,0,NA,1
"1035",1035,2,3,8,1,0,0,29,0,NA,3,0,1,1,9,3
"1036",1036,3,1,NA,0,1,0,44,1,7,4,0,1,0,NA,1
"1037",1037,4,1,NA,0,0,1,25,0,7,4,0,2,0,10,1
"1038",1038,1,1,10,0,0,0,25,1,4,4,0,1,1,3,3
"1039",1039,1,1,8,0,0,0,55,1,7,3,0,2,1,5,1
"1040",1040,3,2,NA,0,1,0,41,0,6,4,0,0,0,5,1
"1041",1041,4,2,NA,0,0,1,21,1,NA,3,0,0,0,NA,4
"1042",1042,1,1,NA,0,0,0,53,1,5,3,0,2,0,NA,1
"1043",1043,2,2,NA,1,0,0,24,1,NA,3,0,1,0,2,4
"1044",1044,3,3,NA,0,1,0,27,1,NA,3,0,1,0,NA,1
"1045",1045,4,2,8,0,0,1,26,0,NA,3,0,1,1,NA,1
"1046",1046,1,3,NA,0,0,0,NA,1,NA,3,0,1,0,NA,1
"1047",1047,2,2,NA,1,0,0,33,1,4,3,0,1,0,7,3
"1048",1048,3,1,NA,0,1,0,21,0,NA,3,0,1,0,NA,NA
"1049",1049,4,2,NA,0,0,1,22,1,NA,3,0,2,0,4,2
"1050",1050,1,1,NA,0,0,0,38,1,8,3,0,1,0,6,1
"1051",1051,2,1,7,1,0,0,46,1,9,4,0,2,1,6,2
"1052",1052,3,2,NA,0,1,0,20,0,5,3,0,2,0,3,5
"1053",1053,4,1,NA,0,0,1,20,0,8,3,0,2,0,6,1
"1054",1054,3,2,NA,0,1,0,42,1,2,3,0,1,0,6,1
"1055",1055,1,1,NA,0,0,0,20,0,7,3,0,1,0,6,2
"1056",1056,2,1,NA,1,0,0,52,0,6,3,0,2,0,3,1
"1057",1057,4,1,NA,0,0,1,25,1,6,4,0,2,0,NA,4
"1058",1058,1,1,NA,0,0,0,28,0,NA,4,0,2,0,NA,1
"1059",1059,2,2,NA,1,0,0,35,1,8,3,0,2,0,6,1
"1060",1060,3,3,8,0,1,0,76,1,5,3,0,1,1,6,2
"1061",1061,4,3,5,0,0,1,69,1,7,2,0,0,1,8,1
"1062",1062,1,1,NA,0,0,0,70,0,NA,3,0,1,0,NA,1
"1063",1063,2,2,NA,1,0,0,48,0,6,2,0,1,0,7,2
"1064",1064,3,1,NA,0,1,0,53,0,4,2,0,1,0,4,1
"1065",1065,4,3,NA,0,0,1,47,0,NA,4,0,2,0,5,1
"1066",1066,1,3,5,0,0,0,45,1,6,3,0,1,1,6,2
"1067",1067,2,2,NA,1,0,0,18,1,1,3,0,2,1,NA,1
"1068",1068,3,3,NA,0,1,0,24,1,6,3,0,0,0,6,3
"1069",1069,4,1,NA,0,0,1,30,0,5,3,0,1,0,NA,2
"1070",1070,3,1,NA,0,1,0,56,0,9,3,0,1,0,3,5
"1071",1071,4,1,6,0,0,1,25,0,4,3,0,2,1,5,2
"1072",1072,1,1,NA,0,0,0,41,0,NA,3,0,2,0,NA,1
"1073",1073,2,1,NA,1,0,0,51,1,5,2,0,1,0,NA,1
"1074",1074,3,2,8,0,1,0,60,1,4,2,0,1,1,NA,4
"1075",1075,4,1,NA,0,0,1,27,0,6,3,0,1,0,4,1
"1076",1076,1,2,NA,0,0,0,40,1,8,3,0,1,0,4,3
"1077",1077,2,1,NA,1,0,0,32,1,4,3,0,1,0,NA,2
"1078",1078,4,2,6,0,0,1,67,1,NA,2,0,1,1,NA,2
"1079",1079,3,1,5,0,1,0,22,1,9,3,0,2,1,NA,2
"1080",1080,3,2,NA,0,1,0,35,0,5,4,0,2,0,1,1
"1081",1081,4,2,NA,0,0,1,44,0,9,4,0,2,0,3,2
"1082",1082,1,2,5,0,0,0,42,1,7,4,0,2,1,5,1
"1083",1083,2,1,5,1,0,0,46,0,NA,3,0,2,1,5,1
"1084",1084,3,2,NA,0,1,0,32,1,NA,4,0,2,0,0,1
"1085",1085,4,1,NA,0,0,1,30,0,5,3,0,1,NA,1,1
"1086",1086,1,3,8,0,0,0,40,1,10,4,0,2,1,3,1
"1087",1087,3,3,5,0,1,0,43,1,5,4,0,2,1,5,1
"1088",1088,2,3,NA,1,0,0,35,0,1,NA,0,1,0,2,1
"1089",1089,4,1,NA,0,0,1,43,0,5,3,0,2,0,4,1
"1090",1090,1,2,8,0,0,0,31,0,NA,3,0,2,1,NA,2
"1091",1091,2,2,8,1,0,0,31,0,5,4,0,1,1,NA,2
"1092",1092,3,3,3,0,1,0,46,1,NA,1,0,1,1,NA,1
"1093",1093,4,2,NA,0,0,1,66,0,3,2,0,1,NA,NA,1
"1094",1094,1,2,NA,0,0,0,36,0,NA,3,0,1,0,NA,1
"1095",1095,2,1,NA,1,0,0,52,1,NA,1,0,1,0,NA,2
"1096",1096,3,2,NA,0,1,0,30,1,5,2,0,1,0,NA,1
"1097",1097,4,3,8,0,0,1,52,0,3,2,0,1,1,NA,2
"1098",1098,2,1,NA,1,0,0,55,0,8,2,0,2,0,NA,1
"1099",1099,1,2,NA,0,0,0,45,1,NA,2,0,0,0,NA,1
"1100",1100,3,3,5,0,1,0,74,0,NA,2,0,2,1,9,2
"1101",1101,4,1,5,0,0,1,26,1,7,3,0,2,1,NA,3
"1102",1102,1,1,NA,0,0,0,69,1,5,2,0,1,0,4,5
"1103",1103,2,2,NA,1,0,0,65,0,NA,2,0,2,0,10,4
"1104",1104,3,3,5,0,1,0,79,0,5,3,0,1,1,8,1
"1105",1105,4,3,NA,0,0,1,29,0,7,3,0,1,0,5,3
"1106",1106,1,1,4,0,0,0,47,1,5,2,0,1,1,NA,5
"1107",1107,2,3,4,1,0,0,63,0,4,2,0,1,1,NA,1
"1108",1108,3,3,5,0,1,0,80,0,2,1,0,2,1,6,5
"1109",1109,4,2,NA,0,0,1,19,0,5,2,0,0,0,10,1
"1110",1110,2,2,NA,1,0,0,20,1,6,2,0,0,0,10,1
"1111",1111,2,2,NA,1,0,0,35,1,7,3,0,0,NA,NA,NA
"1112",1112,3,2,NA,0,1,0,21,0,5,3,0,0,0,7,NA
"1113",1113,3,2,NA,0,1,0,23,0,5,3,0,1,0,7,1
"1114",1114,4,2,NA,0,0,1,49,0,5,2,0,1,0,NA,1
"1115",1115,4,1,0,0,0,1,22,0,7,3,0,2,1,6,1
"1116",1116,1,2,8,0,0,0,37,1,4,4,0,2,1,NA,1
"1117",1117,2,2,5,1,0,0,56,1,5,2,0,0,1,3,NA
"1118",1118,3,2,NA,0,1,0,43,1,6,3,0,2,0,2,1
"1119",1119,4,1,0,0,0,1,56,1,5,2,0,1,NA,3,1
"1120",1120,3,2,NA,0,1,0,40,1,7,4,0,2,0,8,5
"1121",1121,4,1,NA,0,0,1,52,1,3,2,0,0,NA,2,1
"1122",1122,1,2,7,0,0,0,43,0,6,3,0,2,1,5,5
"1123",1123,2,1,NA,1,0,0,33,1,3,2,0,0,0,NA,5
"1124",1124,3,3,4,0,1,0,25,0,NA,3,0,1,1,NA,5
"1125",1125,4,1,NA,0,0,1,57,0,NA,2,0,1,0,5,5
"1126",1126,1,1,NA,0,0,0,19,0,NA,2,0,0,0,NA,5
"1127",1127,2,2,NA,1,0,0,37,0,3,2,0,1,0,8,5
"1128",1128,3,2,NA,0,1,0,18,0,3,3,0,1,0,4,3
"1129",1129,4,1,10,0,0,1,19,1,NA,3,0,1,1,10,2
"1130",1130,4,3,NA,0,0,1,24,1,5,2,0,1,0,6,2
"1131",1131,1,2,NA,0,0,0,21,1,NA,3,0,1,NA,0,3
"1132",1132,1,1,NA,0,0,0,57,0,8,3,0,2,0,5,1
"1133",1133,4,1,NA,0,0,1,19,0,5,2,0,0,0,4,1
"1134",1134,3,2,NA,0,1,0,42,1,9,2,0,1,0,7,2
"1135",1135,2,3,NA,1,0,0,35,1,NA,4,0,1,0,NA,1
"1136",1136,1,1,NA,0,0,0,25,1,3,2,0,0,0,4,2
"1137",1137,2,2,10,1,0,0,51,1,5,4,0,1,1,10,5
"1138",1138,3,3,6,0,1,0,48,1,NA,4,0,1,1,5,2
"1139",1139,2,2,NA,1,0,0,44,1,5,1,0,0,1,5,2
"1140",1140,3,3,NA,0,1,0,23,1,3,3,0,0,0,10,1
"1141",1141,4,2,NA,0,0,1,30,0,5,2,0,1,0,NA,NA
"1142",1142,1,1,NA,0,0,0,53,0,3,1,0,1,0,5,5
"1143",1143,2,2,6,1,0,0,18,1,NA,2,0,0,1,NA,1
"1144",1144,3,2,NA,0,1,0,38,1,3,3,0,1,0,NA,1
"1145",1145,2,1,10,1,0,0,32,1,3,3,0,0,1,8,4
"1146",1146,1,2,NA,0,0,0,36,1,3,1,0,0,0,7,5
"1147",1147,2,3,NA,1,0,0,54,1,3,1,0,2,0,10,3
"1148",1148,1,2,10,0,0,0,47,1,2,1,0,1,1,9,1
"1149",1149,4,2,6,0,0,1,67,0,3,1,0,0,1,NA,1
"1150",1150,4,3,10,0,0,1,41,1,NA,1,0,1,1,10,1
"1151",1151,1,1,NA,0,0,0,25,1,4,1,0,0,0,6,4
"1152",1152,1,1,NA,0,0,0,67,0,3,2,0,1,0,6,1
"1153",1153,4,1,8,0,0,1,18,1,6,2,0,1,1,7,2
"1154",1154,3,2,NA,0,1,0,29,1,3,2,0,0,0,NA,NA
"1155",1155,2,3,10,1,0,0,56,1,NA,2,0,1,1,10,1
"1156",1156,2,3,10,1,0,0,70,1,5,2,0,0,1,9,1
"1157",1157,1,1,7,0,0,0,65,1,3,2,0,1,1,NA,1
"1158",1158,3,1,NA,0,1,0,48,0,2,2,0,0,0,NA,1
"1159",1159,2,1,10,1,0,0,46,1,6,4,0,1,1,5,2
"1160",1160,1,2,NA,0,0,0,23,1,NA,3,0,2,0,5,2
"1161",1161,2,3,NA,1,0,0,20,0,NA,3,0,2,0,5,1
"1162",1162,3,1,NA,0,1,0,18,1,NA,3,0,0,0,NA,2
"1163",1163,4,3,NA,0,0,1,72,0,NA,1,0,0,0,NA,1
"1164",1164,1,2,NA,0,0,0,40,0,4,2,0,2,0,1,1
"1165",1165,1,1,10,0,0,0,30,0,5,4,0,2,1,7,1
"1166",1166,3,1,NA,0,1,0,43,1,4,2,0,0,0,NA,1
"1167",1167,4,3,5,0,0,1,44,1,5,3,0,2,1,6,3
"1168",1168,1,2,NA,0,0,0,79,0,3,1,0,0,0,NA,1
"1169",1169,1,2,NA,0,0,0,70,1,NA,1,0,0,0,NA,1
"1170",1170,3,1,8,0,1,0,65,1,NA,2,0,2,1,5,2
"1171",1171,4,1,NA,0,0,1,35,1,3,2,0,1,0,NA,1
"1172",1172,1,1,NA,0,0,0,69,1,3,2,0,0,0,NA,1
"1173",1173,2,3,NA,1,0,0,108,0,NA,2,0,1,0,4,4
"1174",1174,3,3,NA,0,1,0,36,1,4,2,0,0,0,2,3
"1175",1175,4,2,NA,0,0,1,18,0,4,3,0,0,0,NA,5
"1176",1176,1,1,6,0,0,0,37,0,NA,1,0,0,1,6,1
"1177",1177,2,2,NA,1,0,0,38,1,10,4,0,2,0,NA,2
"1178",1178,3,2,NA,0,1,0,81,1,4,2,0,1,0,NA,1
"1179",1179,4,3,NA,0,0,1,49,1,3,2,0,0,0,4,1
"1180",1180,1,1,5,0,0,0,62,0,3,2,0,1,1,4,1
"1181",1181,2,3,10,1,0,0,72,1,3,1,0,0,1,9,1
"1182",1182,3,3,NA,0,1,0,75,1,5,2,0,0,0,NA,1
"1183",1183,4,2,7,0,0,1,20,1,6,2,0,0,1,8,1
"1184",1184,1,1,9,0,0,0,27,1,4,4,0,1,1,8,1
"1185",1185,2,3,NA,1,0,0,47,0,4,2,0,1,0,8,1
"1186",1186,3,1,7,0,1,0,74,1,5,3,0,1,1,NA,1
"1187",1187,4,3,NA,0,0,1,58,1,NA,4,0,1,0,6,1
"1188",1188,1,1,NA,0,0,0,32,1,6,3,0,2,0,8,5
"1189",1189,2,2,7,1,0,0,65,0,NA,4,0,1,0,0,1
"1190",1190,4,2,NA,0,0,1,21,0,4,3,0,1,0,0,1
"1191",1191,2,3,NA,1,0,0,26,0,5,3,0,2,0,0,1
"1192",1192,3,2,NA,0,1,0,54,0,NA,2,0,2,0,4,1
"1193",1193,4,3,NA,0,0,1,24,1,NA,3,0,2,0,9,1
"1194",1194,1,2,NA,0,0,0,28,0,5,3,0,0,0,NA,1
"1195",1195,2,1,8,1,0,0,59,0,NA,1,0,1,1,5,1
"1196",1196,3,2,NA,0,1,0,34,1,5,3,0,2,0,5,1
"1197",1197,1,3,NA,0,0,0,29,1,5,3,0,1,0,NA,1
"1198",1198,3,2,7,0,1,0,42,1,6,4,0,2,1,4,2
"1199",1199,4,3,NA,0,0,1,19,1,NA,3,0,1,NA,8,1
